title,title_key,category,upc,rating_stars,price_listing_gbp,price_excl_tax_gbp,price_incl_tax_gbp,tax_gbp,stock_count,in_stock,review_count,description_words,detail_url
A Light in the Attic,a light in the attic,Poetry,a897fe39b1053632,3,51.77,51.77,51.77,0.0,22,True,0,164,https://books.toscrape.com/catalogue/a-light-in-the-attic_1000/index.html
Tipping the Velvet,tipping the velvet,Historical Fiction,90fa61229261140a,1,53.74,53.74,53.74,0.0,20,True,0,165,https://books.toscrape.com/catalogue/tipping-the-velvet_999/index.html
Soumission,soumission,Fiction,6957f44c3847a760,1,50.1,50.1,50.1,0.0,20,True,0,163,https://books.toscrape.com/catalogue/soumission_998/index.html
Sharp Objects,sharp objects,Mystery,e00eb4fd7b871a48,4,47.82,47.82,47.82,0.0,20,True,0,274,https://books.toscrape.com/catalogue/sharp-objects_997/index.html
Sapiens: A Brief History of Humankind,sapiens a brief history of humankind,History,4165285e1663650f,5,54.23,54.23,54.23,0.0,20,True,0,304,https://books.toscrape.com/catalogue/sapiens-a-brief-history-of-humankind_996/index.html
The Requiem Red,the requiem red,Young Adult,f77dbf2323deb740,1,22.65,22.65,22.65,0.0,19,True,0,170,https://books.toscrape.com/catalogue/the-requiem-red_995/index.html
The Dirty Little Secrets of Getting Your Dream Job,the dirty little secrets of getting your dream job,Business,2597b5a345f45e1b,4,33.34,33.34,33.34,0.0,19,True,0,284,https://books.toscrape.com/catalogue/the-dirty-little-secrets-of-getting-your-dream-job_994/index.html
"The Coming Woman: A Novel Based on the Life of the Infamous Feminist, Victoria Woodhull",the coming woman a novel based on the life of the infamous feminist victoria woodhull,Default,e72a5dfc7e9267b2,3,17.93,17.93,17.93,0.0,19,True,0,568,https://books.toscrape.com/catalogue/the-coming-woman-a-novel-based-on-the-life-of-the-infamous-feminist-victoria-woodhull_993/index.html
The Boys in the Boat: Nine Americans and Their Epic Quest for Gold at the 1936 Berlin Olympics,the boys in the boat nine americans and their epic quest for gold at the 1936 berlin olympics,Default,e10e1e165dc8be4a,4,22.6,22.6,22.6,0.0,19,True,0,335,https://books.toscrape.com/catalogue/the-boys-in-the-boat-nine-americans-and-their-epic-quest-for-gold-at-the-1936-berlin-olympics_992/index.html
The Black Maria,the black maria,Poetry,1dfe412b8ac00530,1,52.15,52.15,52.15,0.0,19,True,0,464,https://books.toscrape.com/catalogue/the-black-maria_991/index.html
"Starving Hearts (Triangular Trade Trilogy, #1)",starving hearts triangular trade trilogy 1,Default,0312262ecafa5a40,2,13.99,13.99,13.99,0.0,19,True,0,196,https://books.toscrape.com/catalogue/starving-hearts-triangular-trade-trilogy-1_990/index.html
Shakespeare's Sonnets,shakespeare s sonnets,Poetry,30a7f60cd76ca58c,4,20.66,20.66,20.66,0.0,19,True,0,143,https://books.toscrape.com/catalogue/shakespeares-sonnets_989/index.html
Set Me Free,set me free,Young Adult,ce6396b0f23f6ecc,5,17.46,17.46,17.46,0.0,19,True,0,132,https://books.toscrape.com/catalogue/set-me-free_988/index.html
Scott Pilgrim's Precious Little Life (Scott Pilgrim #1),scott pilgrim s precious little life scott pilgrim 1,Sequential Art,3b1c02bac2a429e6,5,52.29,52.29,52.29,0.0,19,True,0,148,https://books.toscrape.com/catalogue/scott-pilgrims-precious-little-life-scott-pilgrim-1_987/index.html
Rip it Up and Start Again,rip it up and start again,Music,a34ba96d4081e6a4,5,35.02,35.02,35.02,0.0,19,True,0,148,https://books.toscrape.com/catalogue/rip-it-up-and-start-again_986/index.html
"Our Band Could Be Your Life: Scenes from the American Indie Underground, 1981-1991",our band could be your life scenes from the american indie underground 1981 1991,Music,deda3e61b9514b83,3,57.25,57.25,57.25,0.0,19,True,0,163,https://books.toscrape.com/catalogue/our-band-could-be-your-life-scenes-from-the-american-indie-underground-1981-1991_985/index.html
Olio,olio,Poetry,feb7cc7701ecf901,1,23.88,23.88,23.88,0.0,19,True,0,249,https://books.toscrape.com/catalogue/olio_984/index.html
Mesaerion: The Best Science Fiction Stories 1800-1849,mesaerion the best science fiction stories 1800 1849,Science Fiction,e30f54cea9b38190,1,37.59,37.59,37.59,0.0,19,True,0,283,https://books.toscrape.com/catalogue/mesaerion-the-best-science-fiction-stories-1800-1849_983/index.html
Libertarianism for Beginners,libertarianism for beginners,Politics,a18a4f574854aced,2,51.33,51.33,51.33,0.0,19,True,0,195,https://books.toscrape.com/catalogue/libertarianism-for-beginners_982/index.html
It's Only the Himalayas,it s only the himalayas,Travel,a22124811bfa8350,2,45.17,45.17,45.17,0.0,19,True,0,230,https://books.toscrape.com/catalogue/its-only-the-himalayas_981/index.html
In Her Wake,in her wake,Thriller,23356462d1320d61,1,12.84,12.84,12.84,0.0,19,True,0,159,https://books.toscrape.com/catalogue/in-her-wake_980/index.html
How Music Works,how music works,Music,327f68a59745c102,2,37.32,37.32,37.32,0.0,19,True,0,243,https://books.toscrape.com/catalogue/how-music-works_979/index.html
"Foolproof Preserving: A Guide to Small Batch Jams, Jellies, Pickles, Condiments, and More: A Foolproof Guide to Making Small Batch Jams, Jellies, Pickles, Condiments, and More",foolproof preserving a guide to small batch jams jellies pickles condiments and more a foolproof guide to making small batch jams jellies pickles condiments and more,Food and Drink,5674a18a29a43ced,3,30.52,30.52,30.52,0.0,19,True,0,166,https://books.toscrape.com/catalogue/foolproof-preserving-a-guide-to-small-batch-jams-jellies-pickles-condiments-and-more-a-foolproof-guide-to-making-small-batch-jams-jellies-pickles-condiments-and-more_978/index.html
Chase Me (Paris Nights #2),chase me paris nights 2,Romance,c2e46a2ee3b4a322,5,25.27,25.27,25.27,0.0,19,True,0,192,https://books.toscrape.com/catalogue/chase-me-paris-nights-2_977/index.html
Black Dust,black dust,Romance,00bfed9e18bb36f3,5,34.53,34.53,34.53,0.0,19,True,0,216,https://books.toscrape.com/catalogue/black-dust_976/index.html
Birdsong: A Story in Pictures,birdsong a story in pictures,Childrens,9528d0948525bf5f,3,54.64,54.64,54.64,0.0,19,True,0,191,https://books.toscrape.com/catalogue/birdsong-a-story-in-pictures_975/index.html
America's Cradle of Quarterbacks: Western Pennsylvania's Football Factory from Johnny Unitas to Joe Montana,america s cradle of quarterbacks western pennsylvania s football factory from johnny unitas to joe montana,Default,c7d160c2c0de586f,3,22.5,22.5,22.5,0.0,19,True,0,252,https://books.toscrape.com/catalogue/americas-cradle-of-quarterbacks-western-pennsylvanias-football-factory-from-johnny-unitas-to-joe-montana_974/index.html
Aladdin and His Wonderful Lamp,aladdin and his wonderful lamp,Default,904208d6aa64b655,3,53.13,53.13,53.13,0.0,19,True,0,337,https://books.toscrape.com/catalogue/aladdin-and-his-wonderful-lamp_973/index.html
Worlds Elsewhere: Journeys Around Shakespeare’s Globe,worlds elsewhere journeys around shakespeare s globe,Nonfiction,4c28def39d850cdf,5,40.3,40.3,40.3,0.0,18,True,0,368,https://books.toscrape.com/catalogue/worlds-elsewhere-journeys-around-shakespeares-globe_972/index.html
Wall and Piece,wall and piece,Art,ccd9ffa25efabdea,4,44.18,44.18,44.18,0.0,18,True,0,129,https://books.toscrape.com/catalogue/wall-and-piece_971/index.html
The Four Agreements: A Practical Guide to Personal Freedom,the four agreements a practical guide to personal freedom,Spirituality,6258a1f6a6dcfe50,5,17.66,17.66,17.66,0.0,18,True,0,135,https://books.toscrape.com/catalogue/the-four-agreements-a-practical-guide-to-personal-freedom_970/index.html
The Five Love Languages: How to Express Heartfelt Commitment to Your Mate,the five love languages how to express heartfelt commitment to your mate,Nonfiction,3c039985229453bf,3,31.05,31.05,31.05,0.0,18,True,0,201,https://books.toscrape.com/catalogue/the-five-love-languages-how-to-express-heartfelt-commitment-to-your-mate_969/index.html
The Elephant Tree,the elephant tree,Thriller,5dada2b7be26bd03,5,23.82,23.82,23.82,0.0,18,True,0,177,https://books.toscrape.com/catalogue/the-elephant-tree_968/index.html
The Bear and the Piano,the bear and the piano,Childrens,9f6568e9c95f60b0,1,36.89,36.89,36.89,0.0,18,True,0,172,https://books.toscrape.com/catalogue/the-bear-and-the-piano_967/index.html
Sophie's World,sophie s world,Philosophy,6be3beb0793a53e7,5,15.94,15.94,15.94,0.0,18,True,0,212,https://books.toscrape.com/catalogue/sophies-world_966/index.html
Penny Maybe,penny maybe,Default,668fe56b17cfcd4f,3,33.29,33.29,33.29,0.0,18,True,0,48,https://books.toscrape.com/catalogue/penny-maybe_965/index.html
Maude (1883-1993):She Grew Up with the country,maude 1883 1993 she grew up with the country,Default,094b269567e1c300,2,18.02,18.02,18.02,0.0,18,True,0,211,https://books.toscrape.com/catalogue/maude-1883-1993she-grew-up-with-the-country_964/index.html
"In a Dark, Dark Wood",in a dark dark wood,Mystery,19ed25f4641d5efd,1,19.63,19.63,19.63,0.0,18,True,0,156,https://books.toscrape.com/catalogue/in-a-dark-dark-wood_963/index.html
Behind Closed Doors,behind closed doors,Thriller,be5cc846f45496fb,4,52.22,52.22,52.22,0.0,18,True,0,193,https://books.toscrape.com/catalogue/behind-closed-doors_962/index.html
You can't bury them all: Poems,you can t bury them all poems,Poetry,55f9da0c5eea2e10,2,33.63,33.63,33.63,0.0,17,True,0,297,https://books.toscrape.com/catalogue/you-cant-bury-them-all-poems_961/index.html
Slow States of Collapse: Poems,slow states of collapse poems,Poetry,b4fd5943413e089a,3,57.31,57.31,57.31,0.0,17,True,0,212,https://books.toscrape.com/catalogue/slow-states-of-collapse-poems_960/index.html
Reasons to Stay Alive,reasons to stay alive,Nonfiction,c8f7f0cb1abb9cac,2,26.41,26.41,26.41,0.0,17,True,0,255,https://books.toscrape.com/catalogue/reasons-to-stay-alive_959/index.html
Private Paris (Private #10),private paris private 10,Fiction,b12b89017878a60d,5,47.61,47.61,47.61,0.0,17,True,0,188,https://books.toscrape.com/catalogue/private-paris-private-10_958/index.html
#HigherSelfie: Wake Up Your Life. Free Your Soul. Find Your Tribe.,higherselfie wake up your life free your soul find your tribe,Nonfiction,c27f6e1f185b0383,5,23.11,23.11,23.11,0.0,17,True,0,258,https://books.toscrape.com/catalogue/higherselfie-wake-up-your-life-free-your-soul-find-your-tribe_957/index.html
Without Borders (Wanderlove #1),without borders wanderlove 1,New Adult,acddfeab2a407640,2,45.07,45.07,45.07,0.0,16,True,0,263,https://books.toscrape.com/catalogue/without-borders-wanderlove-1_956/index.html
When We Collided,when we collided,Contemporary,3ecb690d1542c568,1,31.77,31.77,31.77,0.0,16,True,0,148,https://books.toscrape.com/catalogue/when-we-collided_955/index.html
"We Love You, Charlie Freeman",we love you charlie freeman,Fiction,8d455c7539795d2a,5,50.27,50.27,50.27,0.0,16,True,0,231,https://books.toscrape.com/catalogue/we-love-you-charlie-freeman_954/index.html
Untitled Collection: Sabbath Poems 2014,untitled collection sabbath poems 2014,Poetry,657fe5ead67a7767,4,14.27,14.27,14.27,0.0,16,True,0,226,https://books.toscrape.com/catalogue/untitled-collection-sabbath-poems-2014_953/index.html
"Unseen City: The Majesty of Pigeons, the Discreet Charm of Snails & Other Wonders of the Urban Wilderness",unseen city the majesty of pigeons the discreet charm of snails other wonders of the urban wilderness,Nonfiction,d170b5a0da46380e,4,44.18,44.18,44.18,0.0,16,True,0,305,https://books.toscrape.com/catalogue/unseen-city-the-majesty-of-pigeons-the-discreet-charm-of-snails-other-wonders-of-the-urban-wilderness_952/index.html
Unicorn Tracks,unicorn tracks,Fantasy,7ae099f3898e0209,3,18.78,18.78,18.78,0.0,16,True,0,198,https://books.toscrape.com/catalogue/unicorn-tracks_951/index.html
"Unbound: How Eight Technologies Made Us Human, Transformed Society, and Brought Our World to the Brink",unbound how eight technologies made us human transformed society and brought our world to the brink,History,9a9d6e9bc555731e,1,25.52,25.52,25.52,0.0,16,True,0,309,https://books.toscrape.com/catalogue/unbound-how-eight-technologies-made-us-human-transformed-society-and-brought-our-world-to-the-brink_950/index.html
Tsubasa: WoRLD CHRoNiCLE 2 (Tsubasa WoRLD CHRoNiCLE #2),tsubasa world chronicle 2 tsubasa world chronicle 2,Sequential Art,09555be379ad9253,1,16.28,16.28,16.28,0.0,16,True,0,144,https://books.toscrape.com/catalogue/tsubasa-world-chronicle-2-tsubasa-world-chronicle-2_949/index.html
Throwing Rocks at the Google Bus: How Growth Became the Enemy of Prosperity,throwing rocks at the google bus how growth became the enemy of prosperity,Nonfiction,7858914fad68493c,3,31.12,31.12,31.12,0.0,16,True,0,389,https://books.toscrape.com/catalogue/throwing-rocks-at-the-google-bus-how-growth-became-the-enemy-of-prosperity_948/index.html
This One Summer,this one summer,Sequential Art,51653ef291ab7ddc,4,19.49,19.49,19.49,0.0,16,True,0,205,https://books.toscrape.com/catalogue/this-one-summer_947/index.html
Thirst,thirst,Fiction,709822d0b5bcb7f4,5,17.27,17.27,17.27,0.0,16,True,0,253,https://books.toscrape.com/catalogue/thirst_946/index.html
The Torch Is Passed: A Harding Family Story,the torch is passed a harding family story,Add a comment,4eed62cf5f8d8edf,1,19.09,19.09,19.09,0.0,16,True,0,722,https://books.toscrape.com/catalogue/the-torch-is-passed-a-harding-family-story_945/index.html
The Secret of Dreadwillow Carse,the secret of dreadwillow carse,Childrens,b5ea0b5dabed25a8,1,56.13,56.13,56.13,0.0,16,True,0,278,https://books.toscrape.com/catalogue/the-secret-of-dreadwillow-carse_944/index.html
"The Pioneer Woman Cooks: Dinnertime: Comfort Classics, Freezer Food, 16-Minute Meals, and Other Delicious Ways to Solve Supper!",the pioneer woman cooks dinnertime comfort classics freezer food 16 minute meals and other delicious ways to solve supper,Food and Drink,142d767a56a9254d,1,56.41,56.41,56.41,0.0,16,True,0,359,https://books.toscrape.com/catalogue/the-pioneer-woman-cooks-dinnertime-comfort-classics-freezer-food-16-minute-meals-and-other-delicious-ways-to-solve-supper_943/index.html
The Past Never Ends,the past never ends,Mystery,5ee94540d0749ea0,4,56.5,56.5,56.5,0.0,16,True,0,238,https://books.toscrape.com/catalogue/the-past-never-ends_942/index.html
The Natural History of Us (The Fine Art of Pretending #2),the natural history of us the fine art of pretending 2,Young Adult,cedf82b5086e4691,3,45.22,45.22,45.22,0.0,16,True,0,271,https://books.toscrape.com/catalogue/the-natural-history-of-us-the-fine-art-of-pretending-2_941/index.html
The Nameless City (The Nameless City #1),the nameless city the nameless city 1,Sequential Art,7d385d34d12e60ff,4,38.16,38.16,38.16,0.0,16,True,0,192,https://books.toscrape.com/catalogue/the-nameless-city-the-nameless-city-1_940/index.html
The Murder That Never Was (Forensic Instincts #5),the murder that never was forensic instincts 5,Fiction,d01ac97e2b8947c2,3,54.11,54.11,54.11,0.0,16,True,0,290,https://books.toscrape.com/catalogue/the-murder-that-never-was-forensic-instincts-5_939/index.html
The Most Perfect Thing: Inside (and Outside) a Bird's Egg,the most perfect thing inside and outside a bird s egg,Science,aadee1c326d286e3,4,42.96,42.96,42.96,0.0,16,True,0,286,https://books.toscrape.com/catalogue/the-most-perfect-thing-inside-and-outside-a-birds-egg_938/index.html
"The Mindfulness and Acceptance Workbook for Anxiety: A Guide to Breaking Free from Anxiety, Phobias, and Worry Using Acceptance and Commitment Therapy",the mindfulness and acceptance workbook for anxiety a guide to breaking free from anxiety phobias and worry using acceptance and commitment therapy,Add a comment,31075275518532d7,4,23.89,23.89,23.89,0.0,16,True,0,478,https://books.toscrape.com/catalogue/the-mindfulness-and-acceptance-workbook-for-anxiety-a-guide-to-breaking-free-from-anxiety-phobias-and-worry-using-acceptance-and-commitment-therapy_937/index.html
The Life-Changing Magic of Tidying Up: The Japanese Art of Decluttering and Organizing,the life changing magic of tidying up the japanese art of decluttering and organizing,Nonfiction,0da9aa9d24677fc0,3,16.77,16.77,16.77,0.0,16,True,0,207,https://books.toscrape.com/catalogue/the-life-changing-magic-of-tidying-up-the-japanese-art-of-decluttering-and-organizing_936/index.html
"The Inefficiency Assassin: Time Management Tactics for Working Smarter, Not Longer",the inefficiency assassin time management tactics for working smarter not longer,Default,8c9e6bf2467d740d,5,20.59,20.59,20.59,0.0,16,True,0,193,https://books.toscrape.com/catalogue/the-inefficiency-assassin-time-management-tactics-for-working-smarter-not-longer_935/index.html
The Gutsy Girl: Escapades for Your Life of Epic Adventure,the gutsy girl escapades for your life of epic adventure,Nonfiction,acd86a5426e21ca0,1,37.13,37.13,37.13,0.0,16,True,0,280,https://books.toscrape.com/catalogue/the-gutsy-girl-escapades-for-your-life-of-epic-adventure_934/index.html
The Electric Pencil: Drawings from Inside State Hospital No. 3,the electric pencil drawings from inside state hospital no 3,Nonfiction,a30b270e25489e5c,1,56.06,56.06,56.06,0.0,16,True,0,221,https://books.toscrape.com/catalogue/the-electric-pencil-drawings-from-inside-state-hospital-no-3_933/index.html
The Death of Humanity: and the Case for Life,the death of humanity and the case for life,Philosophy,bd261725b99f5983,4,58.11,58.11,58.11,0.0,16,True,0,140,https://books.toscrape.com/catalogue/the-death-of-humanity-and-the-case-for-life_932/index.html
"The Bulletproof Diet: Lose up to a Pound a Day, Reclaim Energy and Focus, Upgrade Your Life",the bulletproof diet lose up to a pound a day reclaim energy and focus upgrade your life,Health,43c6a960757cf559,3,49.05,49.05,49.05,0.0,16,True,0,301,https://books.toscrape.com/catalogue/the-bulletproof-diet-lose-up-to-a-pound-a-day-reclaim-energy-and-focus-upgrade-your-life_931/index.html
The Art Forger,the art forger,Add a comment,80cfab6bcff3a244,3,40.76,40.76,40.76,0.0,16,True,0,224,https://books.toscrape.com/catalogue/the-art-forger_930/index.html
The Age of Genius: The Seventeenth Century and the Birth of the Modern Mind,the age of genius the seventeenth century and the birth of the modern mind,History,a3d2a4250807f1e9,1,19.73,19.73,19.73,0.0,16,True,0,255,https://books.toscrape.com/catalogue/the-age-of-genius-the-seventeenth-century-and-the-birth-of-the-modern-mind_929/index.html
The Activist's Tao Te Ching: Ancient Advice for a Modern Revolution,the activist s tao te ching ancient advice for a modern revolution,Spirituality,7d6d2a6c0276f81b,5,32.24,32.24,32.24,0.0,16,True,0,218,https://books.toscrape.com/catalogue/the-activists-tao-te-ching-ancient-advice-for-a-modern-revolution_928/index.html
Spark Joy: An Illustrated Master Class on the Art of Organizing and Tidying Up,spark joy an illustrated master class on the art of organizing and tidying up,Nonfiction,87b0615b6e1f4d7b,4,41.83,41.83,41.83,0.0,16,True,0,158,https://books.toscrape.com/catalogue/spark-joy-an-illustrated-master-class-on-the-art-of-organizing-and-tidying-up_927/index.html
Soul Reader,soul reader,Default,e6af5bf1163c1151,2,39.58,39.58,39.58,0.0,16,True,0,36,https://books.toscrape.com/catalogue/soul-reader_926/index.html
Security,security,Horror,6f78a0d744c35456,2,39.25,39.25,39.25,0.0,16,True,0,477,https://books.toscrape.com/catalogue/security_925/index.html
"Saga, Volume 6 (Saga (Collected Editions) #6)",saga volume 6 saga collected editions 6,Fantasy,c849f0b2f5d6a742,3,25.02,25.02,25.02,0.0,16,True,0,40,https://books.toscrape.com/catalogue/saga-volume-6-saga-collected-editions-6_924/index.html
"Saga, Volume 5 (Saga (Collected Editions) #5)",saga volume 5 saga collected editions 5,Sequential Art,53a3d11bb568cc8b,2,51.04,51.04,51.04,0.0,16,True,0,50,https://books.toscrape.com/catalogue/saga-volume-5-saga-collected-editions-5_923/index.html
Reskilling America: Learning to Labor in the Twenty-First Century,reskilling america learning to labor in the twenty first century,Nonfiction,d7310206583a54b6,2,19.83,19.83,19.83,0.0,16,True,0,311,https://books.toscrape.com/catalogue/reskilling-america-learning-to-labor-in-the-twenty-first-century_922/index.html
"Rat Queens, Vol. 3: Demons (Rat Queens (Collected Editions) #11-15)",rat queens vol 3 demons rat queens collected editions 11 15,Sequential Art,c82a3e358c773c73,3,50.4,50.4,50.4,0.0,16,True,0,47,https://books.toscrape.com/catalogue/rat-queens-vol-3-demons-rat-queens-collected-editions-11-15_921/index.html
"Princess Jellyfish 2-in-1 Omnibus, Vol. 01 (Princess Jellyfish 2-in-1 Omnibus #1)",princess jellyfish 2 in 1 omnibus vol 01 princess jellyfish 2 in 1 omnibus 1,Sequential Art,0fa6dceead7ce47a,5,13.61,13.61,13.61,0.0,16,True,0,256,https://books.toscrape.com/catalogue/princess-jellyfish-2-in-1-omnibus-vol-01-princess-jellyfish-2-in-1-omnibus-1_920/index.html
Princess Between Worlds (Wide-Awake Princess #5),princess between worlds wide awake princess 5,Fantasy,0e691eda369f4e09,5,13.34,13.34,13.34,0.0,16,True,0,57,https://books.toscrape.com/catalogue/princess-between-worlds-wide-awake-princess-5_919/index.html
"Pop Gun War, Volume 1: Gift",pop gun war volume 1 gift,Sequential Art,e80f8e518b300dfe,1,18.97,18.97,18.97,0.0,16,True,0,376,https://books.toscrape.com/catalogue/pop-gun-war-volume-1-gift_918/index.html
"Political Suicide: Missteps, Peccadilloes, Bad Calls, Backroom Hijinx, Sordid Pasts, Rotten Breaks, and Just Plain Dumb Mistakes in the Annals of American Politics",political suicide missteps peccadilloes bad calls backroom hijinx sordid pasts rotten breaks and just plain dumb mistakes in the annals of american politics,History,7392c0032f92d816,2,36.28,36.28,36.28,0.0,16,True,0,226,https://books.toscrape.com/catalogue/political-suicide-missteps-peccadilloes-bad-calls-backroom-hijinx-sordid-pasts-rotten-breaks-and-just-plain-dumb-mistakes-in-the-annals-of-american-politics_917/index.html
Patience,patience,Sequential Art,9429b4d59c537af5,3,10.16,10.16,10.16,0.0,16,True,0,125,https://books.toscrape.com/catalogue/patience_916/index.html
"Outcast, Vol. 1: A Darkness Surrounds Him (Outcast #1)",outcast vol 1 a darkness surrounds him outcast 1,Sequential Art,889139b8e9c4cb36,4,15.44,15.44,15.44,0.0,16,True,0,53,https://books.toscrape.com/catalogue/outcast-vol-1-a-darkness-surrounds-him-outcast-1_915/index.html
orange: The Complete Collection 1 (orange: The Complete Collection #1),orange the complete collection 1 orange the complete collection 1,Sequential Art,11809b1d323b3057,1,48.41,48.41,48.41,0.0,16,True,0,189,https://books.toscrape.com/catalogue/orange-the-complete-collection-1-orange-the-complete-collection-1_914/index.html
Online Marketing for Busy Authors: A Step-By-Step Guide,online marketing for busy authors a step by step guide,Self Help,9ffa38d3b832433a,1,46.35,46.35,46.35,0.0,16,True,0,231,https://books.toscrape.com/catalogue/online-marketing-for-busy-authors-a-step-by-step-guide_913/index.html
On a Midnight Clear,on a midnight clear,Add a comment,b757c0c361e689ce,3,14.07,14.07,14.07,0.0,16,True,0,180,https://books.toscrape.com/catalogue/on-a-midnight-clear_912/index.html
Obsidian (Lux #1),obsidian lux 1,Young Adult,3c346ab1e76ae1f6,2,14.86,14.86,14.86,0.0,16,True,0,214,https://books.toscrape.com/catalogue/obsidian-lux-1_911/index.html
My Paris Kitchen: Recipes and Stories,my paris kitchen recipes and stories,Food and Drink,784bc2279baa878d,2,33.37,33.37,33.37,0.0,16,True,0,280,https://books.toscrape.com/catalogue/my-paris-kitchen-recipes-and-stories_910/index.html
Masks and Shadows,masks and shadows,Fantasy,fa9610a50a1bf149,2,56.4,56.4,56.4,0.0,16,True,0,192,https://books.toscrape.com/catalogue/masks-and-shadows_909/index.html
"Mama Tried: Traditional Italian Cooking for the Screwed, Crude, Vegan, and Tattooed",mama tried traditional italian cooking for the screwed crude vegan and tattooed,Food and Drink,72f9d5be3472d34e,4,14.02,14.02,14.02,0.0,16,True,0,140,https://books.toscrape.com/catalogue/mama-tried-traditional-italian-cooking-for-the-screwed-crude-vegan-and-tattooed_908/index.html
"Lumberjanes, Vol. 2: Friendship to the Max (Lumberjanes #5-8)",lumberjanes vol 2 friendship to the max lumberjanes 5 8,Sequential Art,460089f796fb3f82,2,46.91,46.91,46.91,0.0,16,True,0,176,https://books.toscrape.com/catalogue/lumberjanes-vol-2-friendship-to-the-max-lumberjanes-5-8_907/index.html
"Lumberjanes, Vol. 1: Beware the Kitten Holy (Lumberjanes #1-4)",lumberjanes vol 1 beware the kitten holy lumberjanes 1 4,Sequential Art,b6ee99bcf06fc91f,3,45.61,45.61,45.61,0.0,16,True,0,136,https://books.toscrape.com/catalogue/lumberjanes-vol-1-beware-the-kitten-holy-lumberjanes-1-4_906/index.html
Lumberjanes Vol. 3: A Terrible Plan (Lumberjanes #9-12),lumberjanes vol 3 a terrible plan lumberjanes 9 12,Sequential Art,57e5a4d515c8ce44,2,19.92,19.92,19.92,0.0,16,True,0,47,https://books.toscrape.com/catalogue/lumberjanes-vol-3-a-terrible-plan-lumberjanes-9-12_905/index.html
"Layered: Baking, Building, and Styling Spectacular Cakes",layered baking building and styling spectacular cakes,Food and Drink,7b75cc7f223791f4,1,40.11,40.11,40.11,0.0,16,True,0,166,https://books.toscrape.com/catalogue/layered-baking-building-and-styling-spectacular-cakes_904/index.html
Judo: Seven Steps to Black Belt (an Introductory Guide for Beginners),judo seven steps to black belt an introductory guide for beginners,Add a comment,228f74b74f3a08ae,2,53.9,53.9,53.9,0.0,16,True,0,171,https://books.toscrape.com/catalogue/judo-seven-steps-to-black-belt-an-introductory-guide-for-beginners_903/index.html
Join,join,Science Fiction,18ad3ed896c7ce05,5,35.67,35.67,35.67,0.0,16,True,0,291,https://books.toscrape.com/catalogue/join_902/index.html
In the Country We Love: My Family Divided,in the country we love my family divided,Nonfiction,b136b1b180ca753a,4,22.0,22.0,22.0,0.0,16,True,0,276,https://books.toscrape.com/catalogue/in-the-country-we-love-my-family-divided_901/index.html
Immunity: How Elie Metchnikoff Changed the Course of Modern Medicine,immunity how elie metchnikoff changed the course of modern medicine,Science,e4f74c16de34d440,5,57.36,57.36,57.36,0.0,16,True,0,289,https://books.toscrape.com/catalogue/immunity-how-elie-metchnikoff-changed-the-course-of-modern-medicine_900/index.html
"I Hate Fairyland, Vol. 1: Madly Ever After (I Hate Fairyland (Compilations) #1-5)",i hate fairyland vol 1 madly ever after i hate fairyland compilations 1 5,Sequential Art,8d4eefad7a2b3915,2,29.17,29.17,29.17,0.0,16,True,0,270,https://books.toscrape.com/catalogue/i-hate-fairyland-vol-1-madly-ever-after-i-hate-fairyland-compilations-1-5_899/index.html
I am a Hero Omnibus Volume 1,i am a hero omnibus volume 1,Sequential Art,1c89ae5bb804e4de,3,54.63,54.63,54.63,0.0,16,True,0,171,https://books.toscrape.com/catalogue/i-am-a-hero-omnibus-volume-1_898/index.html
How to Be Miserable: 40 Strategies You Already Use,how to be miserable 40 strategies you already use,Self Help,a6f99b9e687f9d46,1,46.03,46.03,46.03,0.0,16,True,0,264,https://books.toscrape.com/catalogue/how-to-be-miserable-40-strategies-you-already-use_897/index.html
Her Backup Boyfriend (The Sorensen Family #1),her backup boyfriend the sorensen family 1,Romance,2a97cffe61c3c4c7,1,33.97,33.97,33.97,0.0,16,True,0,217,https://books.toscrape.com/catalogue/her-backup-boyfriend-the-sorensen-family-1_896/index.html
"Giant Days, Vol. 2 (Giant Days #5-8)",giant days vol 2 giant days 5 8,Sequential Art,f2df3bb043a8abb0,2,22.11,22.11,22.11,0.0,16,True,0,145,https://books.toscrape.com/catalogue/giant-days-vol-2-giant-days-5-8_895/index.html
Forever and Forever: The Courtship of Henry Longfellow and Fanny Appleton,forever and forever the courtship of henry longfellow and fanny appleton,Historical Fiction,9beb96a2300109d7,3,29.69,29.69,29.69,0.0,16,True,0,269,https://books.toscrape.com/catalogue/forever-and-forever-the-courtship-of-henry-longfellow-and-fanny-appleton_894/index.html
First and First (Five Boroughs #3),first and first five boroughs 3,Romance,9e28048cea8d41f7,4,15.97,15.97,15.97,0.0,16,True,0,216,https://books.toscrape.com/catalogue/first-and-first-five-boroughs-3_893/index.html
Fifty Shades Darker (Fifty Shades #2),fifty shades darker fifty shades 2,Romance,7add3f8e49ec0826,1,21.96,21.96,21.96,0.0,16,True,0,198,https://books.toscrape.com/catalogue/fifty-shades-darker-fifty-shades-2_892/index.html
Everydata: The Misinformation Hidden in the Little Data You Consume Every Day,everydata the misinformation hidden in the little data you consume every day,Nonfiction,311c0dd0e354a33e,2,54.35,54.35,54.35,0.0,16,True,0,260,https://books.toscrape.com/catalogue/everydata-the-misinformation-hidden-in-the-little-data-you-consume-every-day_891/index.html
"Don't Be a Jerk: And Other Practical Advice from Dogen, Japan's Greatest Zen Master",don t be a jerk and other practical advice from dogen japan s greatest zen master,Religion,fce19f9b4a943f22,2,37.97,37.97,37.97,0.0,16,True,0,239,https://books.toscrape.com/catalogue/dont-be-a-jerk-and-other-practical-advice-from-dogen-japans-greatest-zen-master_890/index.html
Danganronpa Volume 1,danganronpa volume 1,Sequential Art,09b6cc87e62c2c58,4,51.99,51.99,51.99,0.0,16,True,0,196,https://books.toscrape.com/catalogue/danganronpa-volume-1_889/index.html
Crown of Midnight (Throne of Glass #2),crown of midnight throne of glass 2,Fantasy,7267864328ae8b9d,3,43.29,43.29,43.29,0.0,16,True,0,269,https://books.toscrape.com/catalogue/crown-of-midnight-throne-of-glass-2_888/index.html
"Codename Baboushka, Volume 1: The Conclave of Death",codename baboushka volume 1 the conclave of death,Sequential Art,8754c83ab2a7ae71,4,36.72,36.72,36.72,0.0,16,True,0,393,https://books.toscrape.com/catalogue/codename-baboushka-volume-1-the-conclave-of-death_887/index.html
Camp Midnight,camp midnight,Sequential Art,7b599c8bfcdd8d30,4,17.08,17.08,17.08,0.0,16,True,0,156,https://books.toscrape.com/catalogue/camp-midnight_886/index.html
Call the Nurse: True Stories of a Country Nurse on a Scottish Isle,call the nurse true stories of a country nurse on a scottish isle,Nonfiction,bee3672891cca906,5,29.14,29.14,29.14,0.0,16,True,0,278,https://books.toscrape.com/catalogue/call-the-nurse-true-stories-of-a-country-nurse-on-a-scottish-isle_885/index.html
Burning,burning,Young Adult,5ceb951f629700a2,3,28.81,28.81,28.81,0.0,16,True,0,176,https://books.toscrape.com/catalogue/burning_884/index.html
Bossypants,bossypants,Default,74baabfc8fd84b38,2,49.46,49.46,49.46,0.0,16,True,0,229,https://books.toscrape.com/catalogue/bossypants_883/index.html
"Bitch Planet, Vol. 1: Extraordinary Machine (Bitch Planet (Collected Editions))",bitch planet vol 1 extraordinary machine bitch planet collected editions,Sequential Art,bdf415fd484ea8a7,2,37.92,37.92,37.92,0.0,16,True,0,164,https://books.toscrape.com/catalogue/bitch-planet-vol-1-extraordinary-machine-bitch-planet-collected-editions_882/index.html
"Avatar: The Last Airbender: Smoke and Shadow, Part 3 (Smoke and Shadow #3)",avatar the last airbender smoke and shadow part 3 smoke and shadow 3,Fantasy,6d5300b2d8f37e07,2,28.09,28.09,28.09,0.0,16,True,0,199,https://books.toscrape.com/catalogue/avatar-the-last-airbender-smoke-and-shadow-part-3-smoke-and-shadow-3_881/index.html
Algorithms to Live By: The Computer Science of Human Decisions,algorithms to live by the computer science of human decisions,Nonfiction,38d45839cb1c83c1,1,30.81,30.81,30.81,0.0,16,True,0,272,https://books.toscrape.com/catalogue/algorithms-to-live-by-the-computer-science-of-human-decisions_880/index.html
A World of Flavor: Your Gluten Free Passport,a world of flavor your gluten free passport,Default,70ed59f194b3c556,1,42.95,42.95,42.95,0.0,16,True,0,291,https://books.toscrape.com/catalogue/a-world-of-flavor-your-gluten-free-passport_879/index.html
"A Piece of Sky, a Grain of Rice: A Memoir in Four Meditations",a piece of sky a grain of rice a memoir in four meditations,Default,8a380641491d43ed,5,56.76,56.76,56.76,0.0,16,True,0,323,https://books.toscrape.com/catalogue/a-piece-of-sky-a-grain-of-rice-a-memoir-in-four-meditations_878/index.html
A Murder in Time,a murder in time,Mystery,f733e8c19d40ec2e,1,16.64,16.64,16.64,0.0,16,True,0,261,https://books.toscrape.com/catalogue/a-murder-in-time_877/index.html
A Flight of Arrows (The Pathfinders #2),a flight of arrows the pathfinders 2,Historical Fiction,3a6fb983e2554023,5,55.53,55.53,55.53,0.0,16,True,0,272,https://books.toscrape.com/catalogue/a-flight-of-arrows-the-pathfinders-2_876/index.html
A Fierce and Subtle Poison,a fierce and subtle poison,Young Adult,842790dfaa937484,4,28.13,28.13,28.13,0.0,16,True,0,215,https://books.toscrape.com/catalogue/a-fierce-and-subtle-poison_875/index.html
A Court of Thorns and Roses (A Court of Thorns and Roses #1),a court of thorns and roses a court of thorns and roses 1,Fantasy,01d2001ac1e6f8a3,1,52.37,52.37,52.37,0.0,16,True,0,218,https://books.toscrape.com/catalogue/a-court-of-thorns-and-roses-a-court-of-thorns-and-roses-1_874/index.html
(Un)Qualified: How God Uses Broken People to Do Big Things,un qualified how god uses broken people to do big things,Christian,e4ac92d89b946781,5,54.0,54.0,54.0,0.0,16,True,0,479,https://books.toscrape.com/catalogue/unqualified-how-god-uses-broken-people-to-do-big-things_873/index.html
You Are What You Love: The Spiritual Power of Habit,you are what you love the spiritual power of habit,Religion,796c87ddbbaaf8c5,4,21.87,21.87,21.87,0.0,15,True,0,300,https://books.toscrape.com/catalogue/you-are-what-you-love-the-spiritual-power-of-habit_872/index.html
"William Shakespeare's Star Wars: Verily, A New Hope (William Shakespeare's Star Wars #4)",william shakespeare s star wars verily a new hope william shakespeare s star wars 4,Science Fiction,9270575728a13a61,4,43.3,43.3,43.3,0.0,15,True,0,184,https://books.toscrape.com/catalogue/william-shakespeares-star-wars-verily-a-new-hope-william-shakespeares-star-wars-4_871/index.html
Tuesday Nights in 1980,tuesday nights in 1980,Fiction,b8736690cf263a3c,2,21.04,21.04,21.04,0.0,15,True,0,400,https://books.toscrape.com/catalogue/tuesday-nights-in-1980_870/index.html
Tracing Numbers on a Train,tracing numbers on a train,Default,d7d6d50c1e3d0b81,3,41.6,41.6,41.6,0.0,15,True,0,122,https://books.toscrape.com/catalogue/tracing-numbers-on-a-train_869/index.html
Throne of Glass (Throne of Glass #1),throne of glass throne of glass 1,Fantasy,590a9cccf7db9f7d,3,35.07,35.07,35.07,0.0,15,True,0,259,https://books.toscrape.com/catalogue/throne-of-glass-throne-of-glass-1_868/index.html
Thomas Jefferson and the Tripoli Pirates: The Forgotten War That Changed American History,thomas jefferson and the tripoli pirates the forgotten war that changed american history,History,de3f25248ba0789f,1,59.64,59.64,59.64,0.0,15,True,0,385,https://books.toscrape.com/catalogue/thomas-jefferson-and-the-tripoli-pirates-the-forgotten-war-that-changed-american-history_867/index.html
Thirteen Reasons Why,thirteen reasons why,Default,bc2a85fd35fdc7bd,1,52.72,52.72,52.72,0.0,15,True,0,166,https://books.toscrape.com/catalogue/thirteen-reasons-why_866/index.html
The White Cat and the Monk: A Retelling of the Poem “Pangur Bán”,the white cat and the monk a retelling of the poem pangur b n,Childrens,37c0cb19713d8dda,4,58.08,58.08,58.08,0.0,15,True,0,168,https://books.toscrape.com/catalogue/the-white-cat-and-the-monk-a-retelling-of-the-poem-pangur-ban_865/index.html
The Wedding Dress,the wedding dress,Romance,623e1a180426039b,1,24.12,24.12,24.12,0.0,15,True,0,287,https://books.toscrape.com/catalogue/the-wedding-dress_864/index.html
The Vacationers,the vacationers,Fiction,fd3a622648667296,4,42.15,42.15,42.15,0.0,15,True,0,254,https://books.toscrape.com/catalogue/the-vacationers_863/index.html
The Third Wave: An Entrepreneur’s Vision of the Future,the third wave an entrepreneur s vision of the future,Business,3bebf34ee9330cbd,5,12.61,12.61,12.61,0.0,15,True,0,470,https://books.toscrape.com/catalogue/the-third-wave-an-entrepreneurs-vision-of-the-future_862/index.html
The Stranger,the stranger,Philosophy,f5a92cff83897d48,4,17.44,17.44,17.44,0.0,15,True,0,52,https://books.toscrape.com/catalogue/the-stranger_861/index.html
The Shadow Hero (The Shadow Hero),the shadow hero the shadow hero,Sequential Art,d6361d16212664ed,1,33.14,33.14,33.14,0.0,15,True,0,187,https://books.toscrape.com/catalogue/the-shadow-hero-the-shadow-hero_860/index.html
The Secret (The Secret #1),the secret the secret 1,Default,961f18db4f138211,4,27.37,27.37,27.37,0.0,15,True,0,214,https://books.toscrape.com/catalogue/the-secret-the-secret-1_859/index.html
The Regional Office Is Under Attack!,the regional office is under attack,Fiction,0651062381f0636a,5,51.36,51.36,51.36,0.0,15,True,0,213,https://books.toscrape.com/catalogue/the-regional-office-is-under-attack_858/index.html
The Psychopath Test: A Journey Through the Madness Industry,the psychopath test a journey through the madness industry,Default,e98a4efa85070c2f,2,36.0,36.0,36.0,0.0,15,True,0,286,https://books.toscrape.com/catalogue/the-psychopath-test-a-journey-through-the-madness-industry_857/index.html
The Project,the project,Science Fiction,790ef197c8f236f5,1,10.65,10.65,10.65,0.0,15,True,0,188,https://books.toscrape.com/catalogue/the-project_856/index.html
The Power of Now: A Guide to Spiritual Enlightenment,the power of now a guide to spiritual enlightenment,Nonfiction,8ec14b1576cb7cb5,2,43.54,43.54,43.54,0.0,15,True,0,261,https://books.toscrape.com/catalogue/the-power-of-now-a-guide-to-spiritual-enlightenment_855/index.html
The Omnivore's Dilemma: A Natural History of Four Meals,the omnivore s dilemma a natural history of four meals,Nonfiction,209adad1015af86f,2,38.21,38.21,38.21,0.0,15,True,0,596,https://books.toscrape.com/catalogue/the-omnivores-dilemma-a-natural-history-of-four-meals_854/index.html
The Nerdy Nummies Cookbook: Sweet Treats for the Geek in All of Us,the nerdy nummies cookbook sweet treats for the geek in all of us,Food and Drink,e4c7f3487d17fd42,5,37.34,37.34,37.34,0.0,15,True,0,293,https://books.toscrape.com/catalogue/the-nerdy-nummies-cookbook-sweet-treats-for-the-geek-in-all-of-us_853/index.html
The Murder of Roger Ackroyd (Hercule Poirot #4),the murder of roger ackroyd hercule poirot 4,Mystery,c7b5183f4d1d4efe,4,44.1,44.1,44.1,0.0,15,True,0,242,https://books.toscrape.com/catalogue/the-murder-of-roger-ackroyd-hercule-poirot-4_852/index.html
The Mistake (Off-Campus #2),the mistake off campus 2,New Adult,99ff4cc6491e8f5c,3,43.29,43.29,43.29,0.0,15,True,0,256,https://books.toscrape.com/catalogue/the-mistake-off-campus-2_851/index.html
The Matchmaker's Playbook (Wingmen Inc. #1),the matchmaker s playbook wingmen inc 1,New Adult,08db62f24627e71f,1,55.85,55.85,55.85,0.0,15,True,0,213,https://books.toscrape.com/catalogue/the-matchmakers-playbook-wingmen-inc-1_850/index.html
The Love and Lemons Cookbook: An Apple-to-Zucchini Celebration of Impromptu Cooking,the love and lemons cookbook an apple to zucchini celebration of impromptu cooking,Food and Drink,e28e330cbdf01126,2,37.6,37.6,37.6,0.0,15,True,0,226,https://books.toscrape.com/catalogue/the-love-and-lemons-cookbook-an-apple-to-zucchini-celebration-of-impromptu-cooking_849/index.html
The Long Shadow of Small Ghosts: Murder and Memory in an American City,the long shadow of small ghosts murder and memory in an american city,Crime,abeafe151a587d3b,1,10.97,10.97,10.97,0.0,15,True,0,350,https://books.toscrape.com/catalogue/the-long-shadow-of-small-ghosts-murder-and-memory-in-an-american-city_848/index.html
The Kite Runner,the kite runner,Default,eac1a180047ad54e,4,41.82,41.82,41.82,0.0,15,True,0,301,https://books.toscrape.com/catalogue/the-kite-runner_847/index.html
The House by the Lake,the house by the lake,Historical Fiction,9287e238d7c3b06e,1,36.95,36.95,36.95,0.0,15,True,0,230,https://books.toscrape.com/catalogue/the-house-by-the-lake_846/index.html
The Glittering Court (The Glittering Court #1),the glittering court the glittering court 1,Fantasy,2dbb7ec08cdd7f3c,1,44.28,44.28,44.28,0.0,15,True,0,291,https://books.toscrape.com/catalogue/the-glittering-court-the-glittering-court-1_845/index.html
The Girl on the Train,the girl on the train,Default,e956d67c9bcc5809,2,55.02,55.02,55.02,0.0,15,True,0,219,https://books.toscrape.com/catalogue/the-girl-on-the-train_844/index.html
The Genius of Birds,the genius of birds,Nonfiction,42d0d7c92b75fc1c,1,17.24,17.24,17.24,0.0,15,True,0,452,https://books.toscrape.com/catalogue/the-genius-of-birds_843/index.html
The Emerald Mystery,the emerald mystery,Default,d6670dfe3e7b42bd,2,23.15,23.15,23.15,0.0,15,True,0,268,https://books.toscrape.com/catalogue/the-emerald-mystery_842/index.html
The Cookies & Cups Cookbook: 125+ sweet & savory recipes reminding you to Always Eat Dessert First,the cookies cups cookbook 125 sweet savory recipes reminding you to always eat dessert first,Food and Drink,96a38e7c813d8f1d,1,41.25,41.25,41.25,0.0,15,True,0,252,https://books.toscrape.com/catalogue/the-cookies-cups-cookbook-125-sweet-savory-recipes-reminding-you-to-always-eat-dessert-first_841/index.html
The Bridge to Consciousness: I'm Writing the Bridge Between Science and Our Old and New Beliefs.,the bridge to consciousness i m writing the bridge between science and our old and new beliefs,Default,efc3768127714ec3,3,32.0,32.0,32.0,0.0,15,True,0,0,https://books.toscrape.com/catalogue/the-bridge-to-consciousness-im-writing-the-bridge-between-science-and-our-old-and-new-beliefs_840/index.html
The Artist's Way: A Spiritual Path to Higher Creativity,the artist s way a spiritual path to higher creativity,Nonfiction,dd047728de72ad62,5,38.49,38.49,38.49,0.0,15,True,0,188,https://books.toscrape.com/catalogue/the-artists-way-a-spiritual-path-to-higher-creativity_839/index.html
The Art of War,the art of war,Default,e7469e22b5bfb3e7,5,33.34,33.34,33.34,0.0,15,True,0,219,https://books.toscrape.com/catalogue/the-art-of-war_838/index.html
The Argonauts,the argonauts,Autobiography,c99761a700ade23f,2,10.93,10.93,10.93,0.0,15,True,0,221,https://books.toscrape.com/catalogue/the-argonauts_837/index.html
The 10% Entrepreneur: Live Your Startup Dream Without Quitting Your Day Job,the 10 entrepreneur live your startup dream without quitting your day job,Business,56e4f9eab2e8e674,3,27.55,27.55,27.55,0.0,15,True,0,391,https://books.toscrape.com/catalogue/the-10-entrepreneur-live-your-startup-dream-without-quitting-your-day-job_836/index.html
Suddenly in Love (Lake Haven #1),suddenly in love lake haven 1,Romance,203b7f94b7d6115f,2,55.99,55.99,55.99,0.0,15,True,0,224,https://books.toscrape.com/catalogue/suddenly-in-love-lake-haven-1_835/index.html
Something More Than This,something more than this,Romance,ca71e72655bece85,4,16.24,16.24,16.24,0.0,15,True,0,203,https://books.toscrape.com/catalogue/something-more-than-this_834/index.html
Soft Apocalypse,soft apocalypse,Science Fiction,2a70769cdc6eb8b8,2,26.12,26.12,26.12,0.0,15,True,0,264,https://books.toscrape.com/catalogue/soft-apocalypse_833/index.html
So You've Been Publicly Shamed,so you ve been publicly shamed,Nonfiction,1b33663ad7b95fd8,2,12.23,12.23,12.23,0.0,15,True,0,249,https://books.toscrape.com/catalogue/so-youve-been-publicly-shamed_832/index.html
Shoe Dog: A Memoir by the Creator of NIKE,shoe dog a memoir by the creator of nike,Business,0e0dcc3339602b28,2,23.99,23.99,23.99,0.0,15,True,0,327,https://books.toscrape.com/catalogue/shoe-dog-a-memoir-by-the-creator-of-nike_831/index.html
"Shobu Samurai, Project Aryoku (#3)",shobu samurai project aryoku 3,Add a comment,0c27e6c3744fc14b,3,29.06,29.06,29.06,0.0,15,True,0,213,https://books.toscrape.com/catalogue/shobu-samurai-project-aryoku-3_830/index.html
Secrets and Lace (Fatal Hearts #1),secrets and lace fatal hearts 1,Default,ad04ad9fc179fc5d,1,20.27,20.27,20.27,0.0,15,True,0,286,https://books.toscrape.com/catalogue/secrets-and-lace-fatal-hearts-1_829/index.html
Scarlett Epstein Hates It Here,scarlett epstein hates it here,Young Adult,1c929cfd16b71907,5,43.55,43.55,43.55,0.0,15,True,0,179,https://books.toscrape.com/catalogue/scarlett-epstein-hates-it-here_828/index.html
Romero and Juliet: A Tragic Tale of Love and Zombies,romero and juliet a tragic tale of love and zombies,Default,e656e280bc8edd56,1,36.94,36.94,36.94,0.0,15,True,0,220,https://books.toscrape.com/catalogue/romero-and-juliet-a-tragic-tale-of-love-and-zombies_827/index.html
Redeeming Love,redeeming love,Christian Fiction,b53db2271c9624f7,5,20.47,20.47,20.47,0.0,15,True,0,236,https://books.toscrape.com/catalogue/redeeming-love_826/index.html
Poses for Artists Volume 1 - Dynamic and Sitting Poses: An Essential Reference for Figure Drawing and the Human Form,poses for artists volume 1 dynamic and sitting poses an essential reference for figure drawing and the human form,Default,d9c643fa1fc57bdb,1,41.06,41.06,41.06,0.0,15,True,0,62,https://books.toscrape.com/catalogue/poses-for-artists-volume-1-dynamic-and-sitting-poses-an-essential-reference-for-figure-drawing-and-the-human-form_825/index.html
Poems That Make Grown Women Cry,poems that make grown women cry,Poetry,31001a1210623bd4,4,14.19,14.19,14.19,0.0,15,True,0,201,https://books.toscrape.com/catalogue/poems-that-make-grown-women-cry_824/index.html
"Nightingale, Sing",nightingale sing,Young Adult,50b8f80311b31ede,1,38.28,38.28,38.28,0.0,15,True,0,139,https://books.toscrape.com/catalogue/nightingale-sing_823/index.html
Night Sky with Exit Wounds,night sky with exit wounds,Poetry,cfeb1e1e0e695b58,1,41.05,41.05,41.05,0.0,15,True,0,168,https://books.toscrape.com/catalogue/night-sky-with-exit-wounds_822/index.html
Mrs. Houdini,mrs houdini,Historical Fiction,a40723994f715420,5,30.25,30.25,30.25,0.0,15,True,0,274,https://books.toscrape.com/catalogue/mrs-houdini_821/index.html
Modern Romance,modern romance,Add a comment,caf4fe9311f1dc59,5,28.26,28.26,28.26,0.0,15,True,0,478,https://books.toscrape.com/catalogue/modern-romance_820/index.html
Miss Peregrine’s Home for Peculiar Children (Miss Peregrine’s Peculiar Children #1),miss peregrine s home for peculiar children miss peregrine s peculiar children 1,Default,af96613fdd793a3c,1,10.76,10.76,10.76,0.0,15,True,0,169,https://books.toscrape.com/catalogue/miss-peregrines-home-for-peculiar-children-miss-peregrines-peculiar-children-1_819/index.html
Louisa: The Extraordinary Life of Mrs. Adams,louisa the extraordinary life of mrs adams,Biography,d69dd8dac66f9f84,2,16.85,16.85,16.85,0.0,15,True,0,325,https://books.toscrape.com/catalogue/louisa-the-extraordinary-life-of-mrs-adams_818/index.html
Little Red,little red,Childrens,4aa03792b50f0b22,3,13.47,13.47,13.47,0.0,15,True,0,145,https://books.toscrape.com/catalogue/little-red_817/index.html
Library of Souls (Miss Peregrine’s Peculiar Children #3),library of souls miss peregrine s peculiar children 3,Young Adult,ba54932df84e8cea,5,48.56,48.56,48.56,0.0,15,True,0,213,https://books.toscrape.com/catalogue/library-of-souls-miss-peregrines-peculiar-children-3_816/index.html
Large Print Heart of the Pride,large print heart of the pride,Default,c1afd71fc86bf682,2,19.15,19.15,19.15,0.0,15,True,0,224,https://books.toscrape.com/catalogue/large-print-heart-of-the-pride_815/index.html
I Had a Nice Time And Other Lies...: How to find love & sh*t like that,i had a nice time and other lies how to find love sh t like that,Womens Fiction,fd8585283fc7d2d7,4,57.36,57.36,57.36,0.0,15,True,0,287,https://books.toscrape.com/catalogue/i-had-a-nice-time-and-other-lies-how-to-find-love-sht-like-that_814/index.html
Hollow City (Miss Peregrine’s Peculiar Children #2),hollow city miss peregrine s peculiar children 2,Fantasy,4ce91d31c1e57c33,1,42.98,42.98,42.98,0.0,15,True,0,170,https://books.toscrape.com/catalogue/hollow-city-miss-peregrines-peculiar-children-2_813/index.html
Grumbles,grumbles,Default,d163dd6c352fbcd2,2,22.16,22.16,22.16,0.0,15,True,0,38,https://books.toscrape.com/catalogue/grumbles_812/index.html
Full Moon over Noah’s Ark: An Odyssey to Mount Ararat and Beyond,full moon over noah s ark an odyssey to mount ararat and beyond,Travel,ce60436f52c5ee68,4,49.43,49.43,49.43,0.0,15,True,0,284,https://books.toscrape.com/catalogue/full-moon-over-noahs-ark-an-odyssey-to-mount-ararat-and-beyond_811/index.html
Frostbite (Vampire Academy #2),frostbite vampire academy 2,Young Adult,116a2fdc9a45bab0,5,29.99,29.99,29.99,0.0,15,True,0,273,https://books.toscrape.com/catalogue/frostbite-vampire-academy-2_810/index.html
Follow You Home,follow you home,Horror,8585760646e3aa2a,1,21.36,21.36,21.36,0.0,15,True,0,186,https://books.toscrape.com/catalogue/follow-you-home_809/index.html
First Steps for New Christians (Print Edition),first steps for new christians print edition,Default,2f88b08bf0a0e367,1,29.0,29.0,29.0,0.0,15,True,0,379,https://books.toscrape.com/catalogue/first-steps-for-new-christians-print-edition_808/index.html
Finders Keepers (Bill Hodges Trilogy #2),finders keepers bill hodges trilogy 2,Fiction,edb3097e71330040,5,53.53,53.53,53.53,0.0,15,True,0,283,https://books.toscrape.com/catalogue/finders-keepers-bill-hodges-trilogy-2_807/index.html
"Fables, Vol. 1: Legends in Exile (Fables #1)",fables vol 1 legends in exile fables 1,Sequential Art,65d034adf80834b7,4,41.62,41.62,41.62,0.0,15,True,0,166,https://books.toscrape.com/catalogue/fables-vol-1-legends-in-exile-fables-1_806/index.html
Eureka Trivia 6.0,eureka trivia 6 0,Default,29c0025455f8c585,4,54.59,54.59,54.59,0.0,15,True,0,267,https://books.toscrape.com/catalogue/eureka-trivia-60_805/index.html
Drive: The Surprising Truth About What Motivates Us,drive the surprising truth about what motivates us,Default,6ffb36aaeff1c81e,4,34.95,34.95,34.95,0.0,15,True,0,280,https://books.toscrape.com/catalogue/drive-the-surprising-truth-about-what-motivates-us_804/index.html
Done Rubbed Out (Reightman & Bailey #1),done rubbed out reightman bailey 1,Default,f6d967cdadc6fbd9,5,37.72,37.72,37.72,0.0,15,True,0,265,https://books.toscrape.com/catalogue/done-rubbed-out-reightman-bailey-1_803/index.html
Doing It Over (Most Likely To #1),doing it over most likely to 1,Romance,3a11bb962ff45b78,3,35.61,35.61,35.61,0.0,15,True,0,219,https://books.toscrape.com/catalogue/doing-it-over-most-likely-to-1_802/index.html
"Deliciously Ella Every Day: Quick and Easy Recipes for Gluten-Free Snacks, Packed Lunches, and Simple Meals",deliciously ella every day quick and easy recipes for gluten free snacks packed lunches and simple meals,Food and Drink,46c1530d7546ea6d,3,42.16,42.16,42.16,0.0,15,True,0,285,https://books.toscrape.com/catalogue/deliciously-ella-every-day-quick-and-easy-recipes-for-gluten-free-snacks-packed-lunches-and-simple-meals_801/index.html
Dark Notes,dark notes,Erotica,88c21fcd38e2486e,5,19.19,19.19,19.19,0.0,15,True,0,151,https://books.toscrape.com/catalogue/dark-notes_800/index.html
"Daring Greatly: How the Courage to Be Vulnerable Transforms the Way We Live, Love, Parent, and Lead",daring greatly how the courage to be vulnerable transforms the way we live love parent and lead,Nonfiction,3b9a3b4624b7fd6d,3,19.43,19.43,19.43,0.0,15,True,0,299,https://books.toscrape.com/catalogue/daring-greatly-how-the-courage-to-be-vulnerable-transforms-the-way-we-live-love-parent-and-lead_799/index.html
Close to You,close to you,Christian Fiction,a57b1dcbd6849222,4,49.46,49.46,49.46,0.0,15,True,0,383,https://books.toscrape.com/catalogue/close-to-you_798/index.html
Chasing Heaven: What Dying Taught Me About Living,chasing heaven what dying taught me about living,Spirituality,513271dadc1322ae,2,37.8,37.8,37.8,0.0,15,True,0,333,https://books.toscrape.com/catalogue/chasing-heaven-what-dying-taught-me-about-living_797/index.html
Big Magic: Creative Living Beyond Fear,big magic creative living beyond fear,Nonfiction,1f329c2e7d7de8bd,3,30.8,30.8,30.8,0.0,15,True,0,232,https://books.toscrape.com/catalogue/big-magic-creative-living-beyond-fear_796/index.html
Becoming Wise: An Inquiry into the Mystery and Art of Living,becoming wise an inquiry into the mystery and art of living,Nonfiction,919e7cb2269a25d2,2,27.43,27.43,27.43,0.0,15,True,0,515,https://books.toscrape.com/catalogue/becoming-wise-an-inquiry-into-the-mystery-and-art-of-living_795/index.html
Beauty Restored (Riley Family Legacy Novellas #3),beauty restored riley family legacy novellas 3,Default,3f69e667a67e54d9,2,11.11,11.11,11.11,0.0,15,True,0,195,https://books.toscrape.com/catalogue/beauty-restored-riley-family-legacy-novellas-3_794/index.html
Batman: The Long Halloween (Batman),batman the long halloween batman,Sequential Art,7edc0527cf782e19,2,36.5,36.5,36.5,0.0,15,True,0,206,https://books.toscrape.com/catalogue/batman-the-long-halloween-batman_793/index.html
Batman: The Dark Knight Returns (Batman),batman the dark knight returns batman,Sequential Art,47271d8e08b5d31c,5,15.38,15.38,15.38,0.0,15,True,0,288,https://books.toscrape.com/catalogue/batman-the-dark-knight-returns-batman_792/index.html
Ayumi's Violin,ayumi s violin,Default,05f7c6d9a4e582d3,2,15.48,15.48,15.48,0.0,15,True,0,140,https://books.toscrape.com/catalogue/ayumis-violin_791/index.html
Anonymous,anonymous,Default,d24b829be2ca81c4,4,46.82,46.82,46.82,0.0,15,True,0,180,https://books.toscrape.com/catalogue/anonymous_790/index.html
Amy Meets the Saints and Sages,amy meets the saints and sages,Default,7ebfa6c1bee69e1e,3,18.46,18.46,18.46,0.0,15,True,0,282,https://books.toscrape.com/catalogue/amy-meets-the-saints-and-sages_789/index.html
Amid the Chaos,amid the chaos,Cultural,bb8245f52c7cce8f,1,36.58,36.58,36.58,0.0,15,True,0,242,https://books.toscrape.com/catalogue/amid-the-chaos_788/index.html
Amatus,amatus,Default,ffd54178acc9a6a5,5,50.54,50.54,50.54,0.0,15,True,0,57,https://books.toscrape.com/catalogue/amatus_787/index.html
Agnostic: A Spirited Manifesto,agnostic a spirited manifesto,Nonfiction,d195e7f4ed697350,5,12.51,12.51,12.51,0.0,15,True,0,268,https://books.toscrape.com/catalogue/agnostic-a-spirited-manifesto_786/index.html
Zealot: The Life and Times of Jesus of Nazareth,zealot the life and times of jesus of nazareth,History,dd5bfa6cc2c0ecc3,3,24.7,24.7,24.7,0.0,14,True,0,429,https://books.toscrape.com/catalogue/zealot-the-life-and-times-of-jesus-of-nazareth_785/index.html
You (You #1),you you 1,Thriller,024387ca4cafd5cc,5,43.61,43.61,43.61,0.0,14,True,0,204,https://books.toscrape.com/catalogue/you-you-1_784/index.html
"Wonder Woman: Earth One, Volume One (Wonder Woman: Earth One #1)",wonder woman earth one volume one wonder woman earth one 1,Sequential Art,047097293bb4d1c0,4,37.34,37.34,37.34,0.0,14,True,0,145,https://books.toscrape.com/catalogue/wonder-woman-earth-one-volume-one-wonder-woman-earth-one-1_783/index.html
Wild Swans,wild swans,Young Adult,3fb15ace50d6142b,2,14.36,14.36,14.36,0.0,14,True,0,197,https://books.toscrape.com/catalogue/wild-swans_782/index.html
Why the Right Went Wrong: Conservatism--From Goldwater to the Tea Party and Beyond,why the right went wrong conservatism from goldwater to the tea party and beyond,Politics,2b5054a4192e9b06,4,52.65,52.65,52.65,0.0,14,True,0,382,https://books.toscrape.com/catalogue/why-the-right-went-wrong-conservatism-from-goldwater-to-the-tea-party-and-beyond_781/index.html
Whole Lotta Creativity Going On: 60 Fun and Unusual Exercises to Awaken and Strengthen Your Creativity,whole lotta creativity going on 60 fun and unusual exercises to awaken and strengthen your creativity,Nonfiction,44a10f1ac8ce822e,4,38.2,38.2,38.2,0.0,14,True,0,234,https://books.toscrape.com/catalogue/whole-lotta-creativity-going-on-60-fun-and-unusual-exercises-to-awaken-and-strengthen-your-creativity_780/index.html
What's It Like in Space?: Stories from Astronauts Who've Been There,what s it like in space stories from astronauts who ve been there,Nonfiction,6fd646a334e6e133,2,19.6,19.6,19.6,0.0,14,True,0,168,https://books.toscrape.com/catalogue/whats-it-like-in-space-stories-from-astronauts-whove-been-there_779/index.html
"We Are Robin, Vol. 1: The Vigilante Business (We Are Robin #1)",we are robin vol 1 the vigilante business we are robin 1,Sequential Art,92275cedf6d8ee15,1,53.9,53.9,53.9,0.0,14,True,0,144,https://books.toscrape.com/catalogue/we-are-robin-vol-1-the-vigilante-business-we-are-robin-1_778/index.html
Walt Disney's Alice in Wonderland,walt disney s alice in wonderland,Childrens,6a31307a81e8f3a8,5,12.96,12.96,12.96,0.0,14,True,0,201,https://books.toscrape.com/catalogue/walt-disneys-alice-in-wonderland_777/index.html
V for Vendetta (V for Vendetta Complete),v for vendetta v for vendetta complete,Default,4a1debca3135ff37,4,37.1,37.1,37.1,0.0,14,True,0,174,https://books.toscrape.com/catalogue/v-for-vendetta-v-for-vendetta-complete_776/index.html
Until Friday Night (The Field Party #1),until friday night the field party 1,Young Adult,aba2db9afb1469c7,2,46.31,46.31,46.31,0.0,14,True,0,264,https://books.toscrape.com/catalogue/until-friday-night-the-field-party-1_775/index.html
"Unbroken: A World War II Story of Survival, Resilience, and Redemption",unbroken a world war ii story of survival resilience and redemption,Default,76c84daa539426e2,2,45.95,45.95,45.95,0.0,14,True,0,333,https://books.toscrape.com/catalogue/unbroken-a-world-war-ii-story-of-survival-resilience-and-redemption_774/index.html
Twenty Yawns,twenty yawns,Childrens,1d6443ffba9dfd80,2,22.08,22.08,22.08,0.0,14,True,0,139,https://books.toscrape.com/catalogue/twenty-yawns_773/index.html
Through the Woods,through the woods,Sequential Art,6e44bcbeac7f4360,2,25.38,25.38,25.38,0.0,14,True,0,48,https://books.toscrape.com/catalogue/through-the-woods_772/index.html
This Is Where It Ends,this is where it ends,Young Adult,f0f38174a7e689a3,2,27.12,27.12,27.12,0.0,14,True,0,134,https://books.toscrape.com/catalogue/this-is-where-it-ends_771/index.html
The Year of Magical Thinking,the year of magical thinking,Nonfiction,34c0d7c4ee5650af,2,43.04,43.04,43.04,0.0,14,True,0,300,https://books.toscrape.com/catalogue/the-year-of-magical-thinking_770/index.html
The Wright Brothers,the wright brothers,Default,08b2f71d93836313,4,56.8,56.8,56.8,0.0,14,True,0,369,https://books.toscrape.com/catalogue/the-wright-brothers_769/index.html
The White Queen (The Cousins' War #1),the white queen the cousins war 1,Add a comment,6875c5657661b2fb,5,25.91,25.91,25.91,0.0,14,True,0,293,https://books.toscrape.com/catalogue/the-white-queen-the-cousins-war-1_768/index.html
The Wedding Pact (The O'Malleys #2),the wedding pact the o malleys 2,Romance,c5cb9f885d8b3621,3,32.61,32.61,32.61,0.0,14,True,0,189,https://books.toscrape.com/catalogue/the-wedding-pact-the-omalleys-2_767/index.html
The Time Keeper,the time keeper,Fiction,e9906e2f0d189745,5,27.88,27.88,27.88,0.0,14,True,0,223,https://books.toscrape.com/catalogue/the-time-keeper_766/index.html
The Testament of Mary,the testament of mary,Fiction,081305e6df719dff,4,52.67,52.67,52.67,0.0,14,True,0,269,https://books.toscrape.com/catalogue/the-testament-of-mary_765/index.html
The Star-Touched Queen,the star touched queen,Fantasy,1528279aec1f3dce,5,46.02,46.02,46.02,0.0,14,True,0,272,https://books.toscrape.com/catalogue/the-star-touched-queen_764/index.html
The Songs of the Gods,the songs of the gods,Default,00c4543ec6bd25b4,5,44.48,44.48,44.48,0.0,14,True,0,172,https://books.toscrape.com/catalogue/the-songs-of-the-gods_763/index.html
The Song of Achilles,the song of achilles,Add a comment,e88fb1c9397cfb27,5,37.4,37.4,37.4,0.0,14,True,0,179,https://books.toscrape.com/catalogue/the-song-of-achilles_762/index.html
The Rosie Project (Don Tillman #1),the rosie project don tillman 1,Default,012094e90a4b908d,1,54.04,54.04,54.04,0.0,14,True,0,321,https://books.toscrape.com/catalogue/the-rosie-project-don-tillman-1_761/index.html
The Power of Habit: Why We Do What We Do in Life and Business,the power of habit why we do what we do in life and business,Default,6bdd909329435e80,3,16.88,16.88,16.88,0.0,14,True,0,470,https://books.toscrape.com/catalogue/the-power-of-habit-why-we-do-what-we-do-in-life-and-business_760/index.html
The Marriage of Opposites,the marriage of opposites,Historical Fiction,52cf2a5933ec5d8f,4,28.08,28.08,28.08,0.0,14,True,0,309,https://books.toscrape.com/catalogue/the-marriage-of-opposites_759/index.html
The Lucifer Effect: Understanding How Good People Turn Evil,the lucifer effect understanding how good people turn evil,Psychology,4e812d32d64e2431,1,10.4,10.4,10.4,0.0,14,True,0,292,https://books.toscrape.com/catalogue/the-lucifer-effect-understanding-how-good-people-turn-evil_758/index.html
The Long Haul (Diary of a Wimpy Kid #9),the long haul diary of a wimpy kid 9,Humor,f21effc079a2b38a,1,44.07,44.07,44.07,0.0,14,True,0,24,https://books.toscrape.com/catalogue/the-long-haul-diary-of-a-wimpy-kid-9_757/index.html
The Loney,the loney,Horror,2d88a31f325dfd3b,1,23.4,23.4,23.4,0.0,14,True,0,190,https://books.toscrape.com/catalogue/the-loney_756/index.html
The Literature Book (Big Ideas Simply Explained),the literature book big ideas simply explained,Nonfiction,4881cc53f6c8892f,3,17.43,17.43,17.43,0.0,14,True,0,259,https://books.toscrape.com/catalogue/the-literature-book-big-ideas-simply-explained_755/index.html
The Last Mile (Amos Decker #2),the last mile amos decker 2,Mystery,3bc89353f7e3a3cc,2,54.21,54.21,54.21,0.0,14,True,0,263,https://books.toscrape.com/catalogue/the-last-mile-amos-decker-2_754/index.html
The Immortal Life of Henrietta Lacks,the immortal life of henrietta lacks,Add a comment,f72f61ad6a5f12ed,2,40.67,40.67,40.67,0.0,14,True,0,253,https://books.toscrape.com/catalogue/the-immortal-life-of-henrietta-lacks_753/index.html
The Hidden Oracle (The Trials of Apollo #1),the hidden oracle the trials of apollo 1,Fantasy,992974ba6a0536ea,2,52.26,52.26,52.26,0.0,14,True,0,171,https://books.toscrape.com/catalogue/the-hidden-oracle-the-trials-of-apollo-1_752/index.html
The Help Yourself Cookbook for Kids: 60 Easy Plant-Based Recipes Kids Can Make to Stay Healthy and Save the Earth,the help yourself cookbook for kids 60 easy plant based recipes kids can make to stay healthy and save the earth,Food and Drink,ddc8340dabc8641b,3,28.77,28.77,28.77,0.0,14,True,0,301,https://books.toscrape.com/catalogue/the-help-yourself-cookbook-for-kids-60-easy-plant-based-recipes-kids-can-make-to-stay-healthy-and-save-the-earth_751/index.html
The Guilty (Will Robie #4),the guilty will robie 4,Thriller,847935fc68707426,2,13.82,13.82,13.82,0.0,14,True,0,391,https://books.toscrape.com/catalogue/the-guilty-will-robie-4_750/index.html
The First Hostage (J.B. Collins #2),the first hostage j b collins 2,Fiction,a86972014275e072,3,25.85,25.85,25.85,0.0,14,True,0,213,https://books.toscrape.com/catalogue/the-first-hostage-jb-collins-2_749/index.html
The Dovekeepers,the dovekeepers,Add a comment,3d76bc83c6b644c9,1,48.78,48.78,48.78,0.0,14,True,0,247,https://books.toscrape.com/catalogue/the-dovekeepers_748/index.html
The Darkest Lie,the darkest lie,Young Adult,6edacfd1f8ebb9eb,5,35.35,35.35,35.35,0.0,14,True,0,230,https://books.toscrape.com/catalogue/the-darkest-lie_747/index.html
The Bane Chronicles (The Bane Chronicles #1-11),the bane chronicles the bane chronicles 1 11,Fantasy,dc6f688b82e42a5b,4,44.73,44.73,44.73,0.0,14,True,0,180,https://books.toscrape.com/catalogue/the-bane-chronicles-the-bane-chronicles-1-11_746/index.html
The Bad-Ass Librarians of Timbuktu: And Their Race to Save the World’s Most Precious Manuscripts,the bad ass librarians of timbuktu and their race to save the world s most precious manuscripts,Nonfiction,923831a05c9f91f7,1,15.77,15.77,15.77,0.0,14,True,0,303,https://books.toscrape.com/catalogue/the-bad-ass-librarians-of-timbuktu-and-their-race-to-save-the-worlds-most-precious-manuscripts_745/index.html
The 14th Colony (Cotton Malone #11),the 14th colony cotton malone 11,Thriller,1b8187fa4bf6ab05,1,39.24,39.24,39.24,0.0,14,True,0,294,https://books.toscrape.com/catalogue/the-14th-colony-cotton-malone-11_744/index.html
That Darkness (Gardiner and Renner #1),that darkness gardiner and renner 1,Mystery,0c7b9cf2b7662b65,1,13.92,13.92,13.92,0.0,14,True,0,259,https://books.toscrape.com/catalogue/that-darkness-gardiner-and-renner-1_743/index.html
Tastes Like Fear (DI Marnie Rome #3),tastes like fear di marnie rome 3,Mystery,2d1e337aaf341858,1,10.69,10.69,10.69,0.0,14,True,0,193,https://books.toscrape.com/catalogue/tastes-like-fear-di-marnie-rome-3_742/index.html
Take Me with You,take me with you,Fiction,2c04320e110a14a3,3,45.21,45.21,45.21,0.0,14,True,0,168,https://books.toscrape.com/catalogue/take-me-with-you_741/index.html
Swell: A Year of Waves,swell a year of waves,Nonfiction,4c8b7540409da4ac,1,45.58,45.58,45.58,0.0,14,True,0,180,https://books.toscrape.com/catalogue/swell-a-year-of-waves_740/index.html
Superman Vol. 1: Before Truth (Superman by Gene Luen Yang #1),superman vol 1 before truth superman by gene luen yang 1,Sequential Art,ac8e3949d284e9a9,5,11.89,11.89,11.89,0.0,14,True,0,248,https://books.toscrape.com/catalogue/superman-vol-1-before-truth-superman-by-gene-luen-yang-1_739/index.html
Still Life with Bread Crumbs,still life with bread crumbs,Fiction,fe44cc816576c652,3,26.41,26.41,26.41,0.0,14,True,0,247,https://books.toscrape.com/catalogue/still-life-with-bread-crumbs_738/index.html
Steve Jobs,steve jobs,Default,95019eac1c0a052f,5,39.5,39.5,39.5,0.0,14,True,0,131,https://books.toscrape.com/catalogue/steve-jobs_737/index.html
Sorting the Beef from the Bull: The Science of Food Fraud Forensics,sorting the beef from the bull the science of food fraud forensics,Science,3edcccc4f341fb1a,4,44.74,44.74,44.74,0.0,14,True,0,277,https://books.toscrape.com/catalogue/sorting-the-beef-from-the-bull-the-science-of-food-fraud-forensics_736/index.html
Someone Like You (The Harrisons #2),someone like you the harrisons 2,Contemporary,a278db6b2b09cf9f,5,52.79,52.79,52.79,0.0,14,True,0,201,https://books.toscrape.com/catalogue/someone-like-you-the-harrisons-2_735/index.html
"So Cute It Hurts!!, Vol. 6 (So Cute It Hurts!! #6)",so cute it hurts vol 6 so cute it hurts 6,Sequential Art,394f6d30cafc3edb,4,35.43,35.43,35.43,0.0,14,True,0,210,https://books.toscrape.com/catalogue/so-cute-it-hurts-vol-6-so-cute-it-hurts-6_734/index.html
Shtum,shtum,Fiction,830fb3967c74866d,4,55.84,55.84,55.84,0.0,14,True,0,179,https://books.toscrape.com/catalogue/shtum_733/index.html
See America: A Celebration of Our National Parks & Treasured Sites,see america a celebration of our national parks treasured sites,Travel,f9705c362f070608,3,48.87,48.87,48.87,0.0,14,True,0,145,https://books.toscrape.com/catalogue/see-america-a-celebration-of-our-national-parks-treasured-sites_732/index.html
salt.,salt,Poetry,86cbddb61ea78bb7,4,46.78,46.78,46.78,0.0,14,True,0,30,https://books.toscrape.com/catalogue/salt_731/index.html
Robin War,robin war,Sequential Art,85b2176b3b194030,3,47.82,47.82,47.82,0.0,14,True,0,43,https://books.toscrape.com/catalogue/robin-war_730/index.html
"Red Hood/Arsenal, Vol. 1: Open for Business (Red Hood/Arsenal #1)",red hood arsenal vol 1 open for business red hood arsenal 1,Sequential Art,31e2e2d9cca3778f,2,25.48,25.48,25.48,0.0,14,True,0,123,https://books.toscrape.com/catalogue/red-hoodarsenal-vol-1-open-for-business-red-hoodarsenal-1_729/index.html
Rain Fish,rain fish,Childrens,a6454e329f872b78,3,23.57,23.57,23.57,0.0,14,True,0,249,https://books.toscrape.com/catalogue/rain-fish_728/index.html
"Quarter Life Poetry: Poems for the Young, Broke and Hangry",quarter life poetry poems for the young broke and hangry,Poetry,aa35446aab16017f,5,50.89,50.89,50.89,0.0,14,True,0,203,https://books.toscrape.com/catalogue/quarter-life-poetry-poems-for-the-young-broke-and-hangry_727/index.html
Pet Sematary,pet sematary,Horror,af58a74e4b2a23a0,3,10.56,10.56,10.56,0.0,14,True,0,131,https://books.toscrape.com/catalogue/pet-sematary_726/index.html
"Overload: How to Unplug, Unwind, and Unleash Yourself from the Pressure of Stress",overload how to unplug unwind and unleash yourself from the pressure of stress,Self Help,8ecf0356a3878811,3,52.15,52.15,52.15,0.0,14,True,0,214,https://books.toscrape.com/catalogue/overload-how-to-unplug-unwind-and-unleash-yourself-from-the-pressure-of-stress_725/index.html
Once Was a Time,once was a time,Childrens,e34efcc824685332,2,18.28,18.28,18.28,0.0,14,True,0,182,https://books.toscrape.com/catalogue/once-was-a-time_724/index.html
Old School (Diary of a Wimpy Kid #10),old school diary of a wimpy kid 10,Humor,02b74068fa98d8a4,5,11.83,11.83,11.83,0.0,14,True,0,79,https://books.toscrape.com/catalogue/old-school-diary-of-a-wimpy-kid-10_723/index.html
No Dream Is Too High: Life Lessons From a Man Who Walked on the Moon,no dream is too high life lessons from a man who walked on the moon,Nonfiction,132ec5e8c984adef,2,21.95,21.95,21.95,0.0,14,True,0,334,https://books.toscrape.com/catalogue/no-dream-is-too-high-life-lessons-from-a-man-who-walked-on-the-moon_722/index.html
"Naruto (3-in-1 Edition), Vol. 14: Includes Vols. 40, 41 & 42 (Naruto: Omnibus #14)",naruto 3 in 1 edition vol 14 includes vols 40 41 42 naruto omnibus 14,Sequential Art,71e36f33981ddb74,2,38.39,38.39,38.39,0.0,14,True,0,158,https://books.toscrape.com/catalogue/naruto-3-in-1-edition-vol-14-includes-vols-40-41-42-naruto-omnibus-14_721/index.html
My Name Is Lucy Barton,my name is lucy barton,Fiction,727bf2b86b19ad88,1,41.56,41.56,41.56,0.0,14,True,0,219,https://books.toscrape.com/catalogue/my-name-is-lucy-barton_720/index.html
My Mrs. Brown,my mrs brown,Fiction,cc82685d9f49bc2c,3,24.48,24.48,24.48,0.0,14,True,0,374,https://books.toscrape.com/catalogue/my-mrs-brown_719/index.html
My Kind of Crazy,my kind of crazy,Young Adult,137b0b2775701e11,1,40.36,40.36,40.36,0.0,14,True,0,200,https://books.toscrape.com/catalogue/my-kind-of-crazy_718/index.html
Mr. Mercedes (Bill Hodges Trilogy #1),mr mercedes bill hodges trilogy 1,Fiction,caa2e5b3fb1b2d4c,1,28.9,28.9,28.9,0.0,14,True,0,268,https://books.toscrape.com/catalogue/mr-mercedes-bill-hodges-trilogy-1_717/index.html
More Than Music (Chasing the Dream #1),more than music chasing the dream 1,Add a comment,47d47155e89c8be7,2,37.61,37.61,37.61,0.0,14,True,0,183,https://books.toscrape.com/catalogue/more-than-music-chasing-the-dream-1_716/index.html
Made to Stick: Why Some Ideas Survive and Others Die,made to stick why some ideas survive and others die,Business,b96fc7a0ea7d4b45,5,38.85,38.85,38.85,0.0,14,True,0,302,https://books.toscrape.com/catalogue/made-to-stick-why-some-ideas-survive-and-others-die_715/index.html
Luis Paints the World,luis paints the world,Childrens,5b43cae640f2338a,3,53.95,53.95,53.95,0.0,14,True,0,147,https://books.toscrape.com/catalogue/luis-paints-the-world_714/index.html
Luckiest Girl Alive,luckiest girl alive,Default,d512871626a5e588,3,49.83,49.83,49.83,0.0,14,True,0,214,https://books.toscrape.com/catalogue/luckiest-girl-alive_713/index.html
Lowriders to the Center of the Earth (Lowriders in Space #2),lowriders to the center of the earth lowriders in space 2,Sequential Art,a10c7515834240f3,2,51.51,51.51,51.51,0.0,14,True,0,184,https://books.toscrape.com/catalogue/lowriders-to-the-center-of-the-earth-lowriders-in-space-2_712/index.html
Love Is a Mix Tape (Music #1),love is a mix tape music 1,Music,adb5f51c2e2ab13f,1,18.03,18.03,18.03,0.0,14,True,0,257,https://books.toscrape.com/catalogue/love-is-a-mix-tape-music-1_711/index.html
Looking for Lovely: Collecting the Moments that Matter,looking for lovely collecting the moments that matter,Nonfiction,24af96df0bafb925,5,29.14,29.14,29.14,0.0,14,True,0,261,https://books.toscrape.com/catalogue/looking-for-lovely-collecting-the-moments-that-matter_710/index.html
"Living Leadership by Insight: A Good Leader Achieves, a Great Leader Builds Monuments",living leadership by insight a good leader achieves a great leader builds monuments,Default,17fb5a88180f9904,4,46.91,46.91,46.91,0.0,14,True,0,284,https://books.toscrape.com/catalogue/living-leadership-by-insight-a-good-leader-achieves-a-great-leader-builds-monuments_709/index.html
Let It Out: A Journey Through Journaling,let it out a journey through journaling,Nonfiction,1174156c4a0eccaa,5,26.79,26.79,26.79,0.0,14,True,0,352,https://books.toscrape.com/catalogue/let-it-out-a-journey-through-journaling_708/index.html
Lady Midnight (The Dark Artifices #1),lady midnight the dark artifices 1,Default,708345c9897fd7c5,5,16.28,16.28,16.28,0.0,14,True,0,325,https://books.toscrape.com/catalogue/lady-midnight-the-dark-artifices-1_707/index.html
"It's All Easy: Healthy, Delicious Weeknight Meals in under 30 Minutes",it s all easy healthy delicious weeknight meals in under 30 minutes,Food and Drink,245e6bf08b8d2955,1,19.55,19.55,19.55,0.0,14,True,0,212,https://books.toscrape.com/catalogue/its-all-easy-healthy-delicious-weeknight-meals-in-under-30-minutes_706/index.html
Island of Dragons (Unwanteds #7),island of dragons unwanteds 7,Fantasy,2b52334fab158861,1,29.65,29.65,29.65,0.0,14,True,0,186,https://books.toscrape.com/catalogue/island-of-dragons-unwanteds-7_705/index.html
I Know What I'm Doing -- and Other Lies I Tell Myself: Dispatches from a Life Under Construction,i know what i m doing and other lies i tell myself dispatches from a life under construction,Humor,b8a8ff84233f0570,4,25.98,25.98,25.98,0.0,14,True,0,287,https://books.toscrape.com/catalogue/i-know-what-im-doing-and-other-lies-i-tell-myself-dispatches-from-a-life-under-construction_704/index.html
I Am Pilgrim (Pilgrim #1),i am pilgrim pilgrim 1,Fiction,aeff7b87a8e83ebb,4,10.6,10.6,10.6,0.0,14,True,0,136,https://books.toscrape.com/catalogue/i-am-pilgrim-pilgrim-1_703/index.html
"Hyperbole and a Half: Unfortunate Situations, Flawed Coping Mechanisms, Mayhem, and Other Things That Happened",hyperbole and a half unfortunate situations flawed coping mechanisms mayhem and other things that happened,Humor,fbb21a2f71f4d981,5,14.75,14.75,14.75,0.0,14,True,0,188,https://books.toscrape.com/catalogue/hyperbole-and-a-half-unfortunate-situations-flawed-coping-mechanisms-mayhem-and-other-things-that-happened_702/index.html
"Hush, Hush (Hush, Hush #1)",hush hush hush hush 1,Default,6b6cd77fbc91b7a6,3,47.02,47.02,47.02,0.0,14,True,0,235,https://books.toscrape.com/catalogue/hush-hush-hush-hush-1_701/index.html
Hold Your Breath (Search and Rescue #1),hold your breath search and rescue 1,Romance,0b165bd4b9f42fd5,1,28.82,28.82,28.82,0.0,14,True,0,233,https://books.toscrape.com/catalogue/hold-your-breath-search-and-rescue-1_700/index.html
Hamilton: The Revolution,hamilton the revolution,Nonfiction,afa829857f82f99e,3,58.79,58.79,58.79,0.0,14,True,0,300,https://books.toscrape.com/catalogue/hamilton-the-revolution_699/index.html
Greek Mythic History,greek mythic history,Default,f201f263d8c23f97,5,10.23,10.23,10.23,0.0,14,True,0,206,https://books.toscrape.com/catalogue/greek-mythic-history_698/index.html
God: The Most Unpleasant Character in All Fiction,god the most unpleasant character in all fiction,Religion,eec424a84c9e4c68,5,30.03,30.03,30.03,0.0,14,True,0,173,https://books.toscrape.com/catalogue/god-the-most-unpleasant-character-in-all-fiction_697/index.html
Glory over Everything: Beyond The Kitchen House,glory over everything beyond the kitchen house,Historical Fiction,de4b403cb629a29f,3,45.84,45.84,45.84,0.0,14,True,0,363,https://books.toscrape.com/catalogue/glory-over-everything-beyond-the-kitchen-house_696/index.html
Feathers: Displays of Brilliant Plumage,feathers displays of brilliant plumage,Art,9194ae88379dbf1a,3,49.05,49.05,49.05,0.0,14,True,0,124,https://books.toscrape.com/catalogue/feathers-displays-of-brilliant-plumage_695/index.html
"Far & Away: Places on the Brink of Change: Seven Continents, Twenty-Five Years",far away places on the brink of change seven continents twenty five years,Nonfiction,ac4dde0d1be05de0,4,15.06,15.06,15.06,0.0,14,True,0,267,https://books.toscrape.com/catalogue/far-away-places-on-the-brink-of-change-seven-continents-twenty-five-years_694/index.html
Every Last Word,every last word,Default,a2bd4ca82d908442,3,46.47,46.47,46.47,0.0,14,True,0,297,https://books.toscrape.com/catalogue/every-last-word_693/index.html
Eligible (The Austen Project #4),eligible the austen project 4,Fiction,9eaf58b03a2779cc,3,27.09,27.09,27.09,0.0,14,True,0,262,https://books.toscrape.com/catalogue/eligible-the-austen-project-4_692/index.html
El Deafo,el deafo,Sequential Art,27c5968fe43cc06e,5,57.62,57.62,57.62,0.0,14,True,0,250,https://books.toscrape.com/catalogue/el-deafo_691/index.html
Eight Hundred Grapes,eight hundred grapes,Fiction,1d6dd0c87d90fe92,4,14.39,14.39,14.39,0.0,14,True,0,177,https://books.toscrape.com/catalogue/eight-hundred-grapes_690/index.html
"Eaternity: More than 150 Deliciously Easy Vegan Recipes for a Long, Healthy, Satisfied, Joyful Life",eaternity more than 150 deliciously easy vegan recipes for a long healthy satisfied joyful life,Nonfiction,a01f6d368ef64dc5,5,51.75,51.75,51.75,0.0,14,True,0,329,https://books.toscrape.com/catalogue/eaternity-more-than-150-deliciously-easy-vegan-recipes-for-a-long-healthy-satisfied-joyful-life_689/index.html
"Eat Fat, Get Thin",eat fat get thin,Health,047dfa57ba0bf638,2,54.07,54.07,54.07,0.0,14,True,0,6,https://books.toscrape.com/catalogue/eat-fat-get-thin_688/index.html
Don't Get Caught,don t get caught,Young Adult,ad2887ce04583910,1,55.35,55.35,55.35,0.0,14,True,0,185,https://books.toscrape.com/catalogue/dont-get-caught_687/index.html
Doctor Sleep (The Shining #2),doctor sleep the shining 2,Horror,bf5de316a5e9a4ab,2,40.12,40.12,40.12,0.0,14,True,0,318,https://books.toscrape.com/catalogue/doctor-sleep-the-shining-2_686/index.html
Demigods & Magicians: Percy and Annabeth Meet the Kanes (Percy Jackson & Kane Chronicles Crossover #1-3),demigods magicians percy and annabeth meet the kanes percy jackson kane chronicles crossover 1 3,Fantasy,3c6fe637a0180b01,5,37.51,37.51,37.51,0.0,14,True,0,166,https://books.toscrape.com/catalogue/demigods-magicians-percy-and-annabeth-meet-the-kanes-percy-jackson-kane-chronicles-crossover-1-3_685/index.html
Dear Mr. Knightley,dear mr knightley,Fiction,94a958ea126cdcd5,5,11.21,11.21,11.21,0.0,14,True,0,244,https://books.toscrape.com/catalogue/dear-mr-knightley_684/index.html
Daily Fantasy Sports,daily fantasy sports,Default,0e94a089328be4bc,1,36.58,36.58,36.58,0.0,14,True,0,488,https://books.toscrape.com/catalogue/daily-fantasy-sports_683/index.html
Crazy Love: Overwhelmed by a Relentless God,crazy love overwhelmed by a relentless god,Christian,4b9d9cfe0f435788,2,47.72,47.72,47.72,0.0,14,True,0,229,https://books.toscrape.com/catalogue/crazy-love-overwhelmed-by-a-relentless-god_682/index.html
Cometh the Hour (The Clifton Chronicles #6),cometh the hour the clifton chronicles 6,Fiction,28cf0d1c51b491e5,3,25.01,25.01,25.01,0.0,14,True,0,302,https://books.toscrape.com/catalogue/cometh-the-hour-the-clifton-chronicles-6_681/index.html
Code Name Verity (Code Name Verity #1),code name verity code name verity 1,Add a comment,33a3e0e3ffde0dcd,4,22.13,22.13,22.13,0.0,14,True,0,217,https://books.toscrape.com/catalogue/code-name-verity-code-name-verity-1_680/index.html
Clockwork Angel (The Infernal Devices #1),clockwork angel the infernal devices 1,Default,42b0c50fc44140ec,1,44.14,44.14,44.14,0.0,14,True,0,187,https://books.toscrape.com/catalogue/clockwork-angel-the-infernal-devices-1_679/index.html
City of Glass (The Mortal Instruments #3),city of glass the mortal instruments 3,Fantasy,966ebb738e0f9d9b,4,56.02,56.02,56.02,0.0,14,True,0,268,https://books.toscrape.com/catalogue/city-of-glass-the-mortal-instruments-3_678/index.html
City of Fallen Angels (The Mortal Instruments #4),city of fallen angels the mortal instruments 4,Default,1e264c677d4ee4ae,4,11.23,11.23,11.23,0.0,14,True,0,218,https://books.toscrape.com/catalogue/city-of-fallen-angels-the-mortal-instruments-4_677/index.html
City of Bones (The Mortal Instruments #1),city of bones the mortal instruments 1,Default,5b987e54ee72525c,1,43.28,43.28,43.28,0.0,14,True,0,258,https://books.toscrape.com/catalogue/city-of-bones-the-mortal-instruments-1_676/index.html
City of Ashes (The Mortal Instruments #2),city of ashes the mortal instruments 2,Default,8a6ec2761f91dad2,1,47.27,47.27,47.27,0.0,14,True,0,284,https://books.toscrape.com/catalogue/city-of-ashes-the-mortal-instruments-2_675/index.html
Cell,cell,Add a comment,bfbb54bc8cdeed2b,4,20.29,20.29,20.29,0.0,14,True,0,315,https://books.toscrape.com/catalogue/cell_674/index.html
Catching Jordan (Hundred Oaks),catching jordan hundred oaks,Young Adult,e2e7b683b4c15b7d,3,50.83,50.83,50.83,0.0,14,True,0,181,https://books.toscrape.com/catalogue/catching-jordan-hundred-oaks_673/index.html
"Carry On, Warrior: Thoughts on Life Unarmed",carry on warrior thoughts on life unarmed,Default,1b0fc9f777cad045,3,31.85,31.85,31.85,0.0,14,True,0,180,https://books.toscrape.com/catalogue/carry-on-warrior-thoughts-on-life-unarmed_672/index.html
Carrie,carrie,Default,5f22418922fa728b,2,46.23,46.23,46.23,0.0,14,True,0,47,https://books.toscrape.com/catalogue/carrie_671/index.html
Buying In: The Secret Dialogue Between What We Buy and Who We Are,buying in the secret dialogue between what we buy and who we are,Nonfiction,16ef91b9d827859c,4,37.8,37.8,37.8,0.0,14,True,0,803,https://books.toscrape.com/catalogue/buying-in-the-secret-dialogue-between-what-we-buy-and-who-we-are_670/index.html
Brain on Fire: My Month of Madness,brain on fire my month of madness,Nonfiction,a80f66b254fe9eb3,5,49.32,49.32,49.32,0.0,14,True,0,196,https://books.toscrape.com/catalogue/brain-on-fire-my-month-of-madness_669/index.html
Batman: Europa,batman europa,Sequential Art,bf68dcb5fad3cc8c,2,32.01,32.01,32.01,0.0,14,True,0,151,https://books.toscrape.com/catalogue/batman-europa_668/index.html
Barefoot Contessa Back to Basics,barefoot contessa back to basics,Food and Drink,999912e63a3262ae,1,28.01,28.01,28.01,0.0,14,True,0,274,https://books.toscrape.com/catalogue/barefoot-contessa-back-to-basics_667/index.html
Barefoot Contessa at Home: Everyday Recipes You'll Make Over and Over Again,barefoot contessa at home everyday recipes you ll make over and over again,Food and Drink,0e0da9192a025efc,5,50.62,50.62,50.62,0.0,14,True,0,405,https://books.toscrape.com/catalogue/barefoot-contessa-at-home-everyday-recipes-youll-make-over-and-over-again_666/index.html
Balloon Animals,balloon animals,Fiction,9b65f676984c9f0c,3,17.03,17.03,17.03,0.0,14,True,0,236,https://books.toscrape.com/catalogue/balloon-animals_665/index.html
Art Ops Vol. 1,art ops vol 1,Sequential Art,ffdc825785c0ede8,3,48.8,48.8,48.8,0.0,14,True,0,332,https://books.toscrape.com/catalogue/art-ops-vol-1_664/index.html
Aristotle and Dante Discover the Secrets of the Universe (Aristotle and Dante Discover the Secrets of the Universe #1),aristotle and dante discover the secrets of the universe aristotle and dante discover the secrets of the universe 1,Young Adult,41164b8ac02a2c42,4,58.14,58.14,58.14,0.0,14,True,0,176,https://books.toscrape.com/catalogue/aristotle-and-dante-discover-the-secrets-of-the-universe-aristotle-and-dante-discover-the-secrets-of-the-universe-1_663/index.html
Angels Walking (Angels Walking #1),angels walking angels walking 1,Add a comment,1fbb5f786e53a0ce,2,34.2,34.2,34.2,0.0,14,True,0,224,https://books.toscrape.com/catalogue/angels-walking-angels-walking-1_662/index.html
Angels & Demons (Robert Langdon #1),angels demons robert langdon 1,Default,ad41c24ccac0c7ce,3,51.48,51.48,51.48,0.0,14,True,0,245,https://books.toscrape.com/catalogue/angels-demons-robert-langdon-1_661/index.html
All the Light We Cannot See,all the light we cannot see,Historical,39861fc1c0845d15,5,29.87,29.87,29.87,0.0,14,True,0,358,https://books.toscrape.com/catalogue/all-the-light-we-cannot-see_660/index.html
"Adulthood Is a Myth: A ""Sarah's Scribbles"" Collection",adulthood is a myth a sarah s scribbles collection,Sequential Art,5319169a72714c62,2,10.9,10.9,10.9,0.0,14,True,0,156,https://books.toscrape.com/catalogue/adulthood-is-a-myth-a-sarahs-scribbles-collection_659/index.html
Abstract City,abstract city,Nonfiction,cf1aa2fc02a7d1e0,5,56.37,56.37,56.37,0.0,14,True,0,448,https://books.toscrape.com/catalogue/abstract-city_658/index.html
A Time of Torment (Charlie Parker #14),a time of torment charlie parker 14,Mystery,4416c474713ec1f5,5,48.35,48.35,48.35,0.0,14,True,0,196,https://books.toscrape.com/catalogue/a-time-of-torment-charlie-parker-14_657/index.html
A Study in Scarlet (Sherlock Holmes #1),a study in scarlet sherlock holmes 1,Mystery,63ee5bc46066a8a8,2,16.73,16.73,16.73,0.0,14,True,0,144,https://books.toscrape.com/catalogue/a-study-in-scarlet-sherlock-holmes-1_656/index.html
"A Series of Catastrophes and Miracles: A True Story of Love, Science, and Cancer",a series of catastrophes and miracles a true story of love science and cancer,Add a comment,c1379d3744f1dd2c,2,56.48,56.48,56.48,0.0,14,True,0,196,https://books.toscrape.com/catalogue/a-series-of-catastrophes-and-miracles-a-true-story-of-love-science-and-cancer_655/index.html
A People's History of the United States,a people s history of the united states,Add a comment,1ad06aed9349af46,2,40.79,40.79,40.79,0.0,14,True,0,53,https://books.toscrape.com/catalogue/a-peoples-history-of-the-united-states_654/index.html
A Man Called Ove,a man called ove,Fiction,8682c03de6a844ff,1,39.72,39.72,39.72,0.0,14,True,0,227,https://books.toscrape.com/catalogue/a-man-called-ove_653/index.html
A Distant Mirror: The Calamitous 14th Century,a distant mirror the calamitous 14th century,History,d5e0526e1ab682a3,3,14.58,14.58,14.58,0.0,14,True,0,204,https://books.toscrape.com/catalogue/a-distant-mirror-the-calamitous-14th-century_652/index.html
A Brush of Wings (Angels Walking #3),a brush of wings angels walking 3,Add a comment,01a177623cce9596,1,55.51,55.51,55.51,0.0,14,True,0,284,https://books.toscrape.com/catalogue/a-brush-of-wings-angels-walking-3_651/index.html
1491: New Revelations of the Americas Before Columbus,1491 new revelations of the americas before columbus,History,6e8e5626ac4d279e,3,21.8,21.8,21.8,0.0,14,True,0,206,https://books.toscrape.com/catalogue/1491-new-revelations-of-the-americas-before-columbus_650/index.html
"The Three Searches, Meaning, and the Story",the three searches meaning and the story,Default,ac5e0d3938caf686,3,13.33,13.33,13.33,0.0,13,True,0,218,https://books.toscrape.com/catalogue/the-three-searches-meaning-and-the-story_649/index.html
Searching for Meaning in Gailana,searching for meaning in gailana,Fantasy,2f0213137a80d485,1,38.73,38.73,38.73,0.0,13,True,0,327,https://books.toscrape.com/catalogue/searching-for-meaning-in-gailana_648/index.html
Rook,rook,Add a comment,44d97b6707dae3f0,4,37.86,37.86,37.86,0.0,13,True,0,231,https://books.toscrape.com/catalogue/rook_647/index.html
My Kitchen Year: 136 Recipes That Saved My Life,my kitchen year 136 recipes that saved my life,Food and Drink,8bbd7df8a324f31d,2,11.53,11.53,11.53,0.0,13,True,0,367,https://books.toscrape.com/catalogue/my-kitchen-year-136-recipes-that-saved-my-life_646/index.html
13 Hours: The Inside Account of What Really Happened In Benghazi,13 hours the inside account of what really happened in benghazi,Nonfiction,4be9d1910f8a4e80,1,27.06,27.06,27.06,0.0,13,True,0,265,https://books.toscrape.com/catalogue/13-hours-the-inside-account-of-what-really-happened-in-benghazi_645/index.html
Will You Won't You Want Me?,will you won t you want me,Womens Fiction,077b635ff2afc578,3,13.86,13.86,13.86,0.0,12,True,0,198,https://books.toscrape.com/catalogue/will-you-wont-you-want-me_644/index.html
Tipping Point for Planet Earth: How Close Are We to the Edge?,tipping point for planet earth how close are we to the edge,Science,148715df5a02ea5e,1,37.55,37.55,37.55,0.0,12,True,0,218,https://books.toscrape.com/catalogue/tipping-point-for-planet-earth-how-close-are-we-to-the-edge_643/index.html
The Star-Touched Queen,the star touched queen,Fantasy,4a7a25be293ad678,5,32.3,32.3,32.3,0.0,12,True,0,244,https://books.toscrape.com/catalogue/the-star-touched-queen_642/index.html
The Silent Sister (Riley MacPherson #1),the silent sister riley macpherson 1,Fiction,ce1ae197ada2aec4,5,46.29,46.29,46.29,0.0,12,True,0,196,https://books.toscrape.com/catalogue/the-silent-sister-riley-macpherson-1_641/index.html
The Midnight Watch: A Novel of the Titanic and the Californian,the midnight watch a novel of the titanic and the californian,Add a comment,14e44163678e24dc,1,26.2,26.2,26.2,0.0,12,True,0,339,https://books.toscrape.com/catalogue/the-midnight-watch-a-novel-of-the-titanic-and-the-californian_640/index.html
The Lonely City: Adventures in the Art of Being Alone,the lonely city adventures in the art of being alone,Nonfiction,582a21a1dbbef3cf,2,33.26,33.26,33.26,0.0,12,True,0,287,https://books.toscrape.com/catalogue/the-lonely-city-adventures-in-the-art-of-being-alone_639/index.html
The Gray Rhino: How to Recognize and Act on the Obvious Dangers We Ignore,the gray rhino how to recognize and act on the obvious dangers we ignore,Add a comment,3063c7e95d0bf76f,4,59.15,59.15,59.15,0.0,12,True,0,234,https://books.toscrape.com/catalogue/the-gray-rhino-how-to-recognize-and-act-on-the-obvious-dangers-we-ignore_638/index.html
The Golden Condom: And Other Essays on Love Lost and Found,the golden condom and other essays on love lost and found,Psychology,235fa48eeed11d82,1,39.43,39.43,39.43,0.0,12,True,0,254,https://books.toscrape.com/catalogue/the-golden-condom-and-other-essays-on-love-lost-and-found_637/index.html
The Epidemic (The Program 0.6),the epidemic the program 0 6,Young Adult,f732d7d18a91d2ba,5,14.44,14.44,14.44,0.0,12,True,0,283,https://books.toscrape.com/catalogue/the-epidemic-the-program-06_636/index.html
The Dinner Party,the dinner party,Fiction,c6ca293d4810e0d5,2,56.54,56.54,56.54,0.0,12,True,0,279,https://books.toscrape.com/catalogue/the-dinner-party_635/index.html
The Diary of a Young Girl,the diary of a young girl,Nonfiction,54fc03f1e1d355db,3,59.9,59.9,59.9,0.0,12,True,0,226,https://books.toscrape.com/catalogue/the-diary-of-a-young-girl_634/index.html
The Children,the children,Add a comment,64fd010bf8d15096,3,11.88,11.88,11.88,0.0,12,True,0,261,https://books.toscrape.com/catalogue/the-children_633/index.html
Stars Above (The Lunar Chronicles #4.5),stars above the lunar chronicles 4 5,Young Adult,b63ea3f7a57ae099,2,48.05,48.05,48.05,0.0,12,True,0,349,https://books.toscrape.com/catalogue/stars-above-the-lunar-chronicles-45_632/index.html
Snatched: How A Drug Queen Went Undercover for the DEA and Was Kidnapped By Colombian Guerillas,snatched how a drug queen went undercover for the dea and was kidnapped by colombian guerillas,Nonfiction,f40fea200e0c644f,3,21.21,21.21,21.21,0.0,12,True,0,311,https://books.toscrape.com/catalogue/snatched-how-a-drug-queen-went-undercover-for-the-dea-and-was-kidnapped-by-colombian-guerillas_631/index.html
Raspberry Pi Electronics Projects for the Evil Genius,raspberry pi electronics projects for the evil genius,Default,ebf81a62e4798fd1,4,49.67,49.67,49.67,0.0,12,True,0,264,https://books.toscrape.com/catalogue/raspberry-pi-electronics-projects-for-the-evil-genius_630/index.html
Quench Your Own Thirst: Business Lessons Learned Over a Beer or Two,quench your own thirst business lessons learned over a beer or two,Business,8976d9161c027142,1,43.14,43.14,43.14,0.0,12,True,0,306,https://books.toscrape.com/catalogue/quench-your-own-thirst-business-lessons-learned-over-a-beer-or-two_629/index.html
Psycho: Sanitarium (Psycho #1.5),psycho sanitarium psycho 1 5,Horror,b8d7b3f5c7a95d65,5,36.97,36.97,36.97,0.0,12,True,0,311,https://books.toscrape.com/catalogue/psycho-sanitarium-psycho-15_628/index.html
Poisonous (Max Revere Novels #3),poisonous max revere novels 3,Mystery,abdd91e96515a617,3,26.8,26.8,26.8,0.0,12,True,0,303,https://books.toscrape.com/catalogue/poisonous-max-revere-novels-3_627/index.html
One with You (Crossfire #5),one with you crossfire 5,Add a comment,81ef44fcc5f454df,4,15.71,15.71,15.71,0.0,12,True,0,244,https://books.toscrape.com/catalogue/one-with-you-crossfire-5_626/index.html
No Love Allowed (Dodge Cove #1),no love allowed dodge cove 1,Young Adult,db84624b151cbe06,4,54.65,54.65,54.65,0.0,12,True,0,189,https://books.toscrape.com/catalogue/no-love-allowed-dodge-cove-1_625/index.html
Murder at the 42nd Street Library (Raymond Ambler #1),murder at the 42nd street library raymond ambler 1,Mystery,e7fe3bf2768602cf,4,54.36,54.36,54.36,0.0,12,True,0,185,https://books.toscrape.com/catalogue/murder-at-the-42nd-street-library-raymond-ambler-1_624/index.html
Most Wanted,most wanted,Mystery,c039f5aceb093537,3,35.28,35.28,35.28,0.0,12,True,0,193,https://books.toscrape.com/catalogue/most-wanted_623/index.html
"Love, Lies and Spies",love lies and spies,Historical Fiction,9546d537fbf99eb6,2,20.55,20.55,20.55,0.0,12,True,0,173,https://books.toscrape.com/catalogue/love-lies-and-spies_622/index.html
How to Speak Golf: An Illustrated Guide to Links Lingo,how to speak golf an illustrated guide to links lingo,Default,b978c9852cde91bd,5,58.32,58.32,58.32,0.0,12,True,0,263,https://books.toscrape.com/catalogue/how-to-speak-golf-an-illustrated-guide-to-links-lingo_621/index.html
Hide Away (Eve Duncan #20),hide away eve duncan 20,Mystery,bddc6fd036eb6279,1,11.84,11.84,11.84,0.0,12,True,0,175,https://books.toscrape.com/catalogue/hide-away-eve-duncan-20_620/index.html
Furiously Happy: A Funny Book About Horrible Things,furiously happy a funny book about horrible things,Nonfiction,c6a29d6df8de968c,4,41.46,41.46,41.46,0.0,12,True,0,317,https://books.toscrape.com/catalogue/furiously-happy-a-funny-book-about-horrible-things_619/index.html
Everyday Italian: 125 Simple and Delicious Recipes,everyday italian 125 simple and delicious recipes,Food and Drink,76319fe9d8b465a3,5,20.1,20.1,20.1,0.0,12,True,0,398,https://books.toscrape.com/catalogue/everyday-italian-125-simple-and-delicious-recipes_618/index.html
Equal Is Unfair: America's Misguided Fight Against Income Inequality,equal is unfair america s misguided fight against income inequality,Politics,3968e3fbf4695d7c,1,56.86,56.86,56.86,0.0,12,True,0,300,https://books.toscrape.com/catalogue/equal-is-unfair-americas-misguided-fight-against-income-inequality_617/index.html
Eleanor & Park,eleanor park,Default,6983328f15506cb9,5,56.51,56.51,56.51,0.0,12,True,0,171,https://books.toscrape.com/catalogue/eleanor-park_616/index.html
Dirty (Dive Bar #1),dirty dive bar 1,Romance,df7e628bad5782b4,4,40.83,40.83,40.83,0.0,12,True,0,212,https://books.toscrape.com/catalogue/dirty-dive-bar-1_615/index.html
Can You Keep a Secret? (Fear Street Relaunch #4),can you keep a secret fear street relaunch 4,Horror,d069086944f2e330,1,48.64,48.64,48.64,0.0,12,True,0,176,https://books.toscrape.com/catalogue/can-you-keep-a-secret-fear-street-relaunch-4_614/index.html
Boar Island (Anna Pigeon #19),boar island anna pigeon 19,Mystery,49b24c6a41b82bd2,3,59.48,59.48,59.48,0.0,12,True,0,131,https://books.toscrape.com/catalogue/boar-island-anna-pigeon-19_613/index.html
A Paris Apartment,a paris apartment,Historical Fiction,63343e287971bb0c,4,39.01,39.01,39.01,0.0,12,True,0,392,https://books.toscrape.com/catalogue/a-paris-apartment_612/index.html
"A la Mode: 120 Recipes in 60 Pairings: Pies, Tarts, Cakes, Crisps, and More Topped with Ice Cream, Gelato, Frozen Custard, and More",a la mode 120 recipes in 60 pairings pies tarts cakes crisps and more topped with ice cream gelato frozen custard and more,Food and Drink,a4eef523118805ef,1,38.77,38.77,38.77,0.0,12,True,0,266,https://books.toscrape.com/catalogue/a-la-mode-120-recipes-in-60-pairings-pies-tarts-cakes-crisps-and-more-topped-with-ice-cream-gelato-frozen-custard-and-more_611/index.html
Troublemaker: Surviving Hollywood and Scientology,troublemaker surviving hollywood and scientology,Default,515cb8fcafb1ad98,2,48.39,48.39,48.39,0.0,11,True,0,382,https://books.toscrape.com/catalogue/troublemaker-surviving-hollywood-and-scientology_610/index.html
The Widow,the widow,Mystery,6159d8b187831770,2,27.26,27.26,27.26,0.0,11,True,0,252,https://books.toscrape.com/catalogue/the-widow_609/index.html
"The Sleep Revolution: Transforming Your Life, One Night at a Time",the sleep revolution transforming your life one night at a time,Nonfiction,985991708c47003e,4,11.68,11.68,11.68,0.0,11,True,0,416,https://books.toscrape.com/catalogue/the-sleep-revolution-transforming-your-life-one-night-at-a-time_608/index.html
The Improbability of Love,the improbability of love,Fiction,437d8dea9272d0a9,1,59.45,59.45,59.45,0.0,11,True,0,206,https://books.toscrape.com/catalogue/the-improbability-of-love_607/index.html
The Art of Startup Fundraising,the art of startup fundraising,Business,1c584f82a7a1c4f0,3,21.0,21.0,21.0,0.0,11,True,0,1124,https://books.toscrape.com/catalogue/the-art-of-startup-fundraising_606/index.html
Take Me Home Tonight (Rock Star Romance #3),take me home tonight rock star romance 3,Romance,cf62fa272b5f0fa3,3,53.98,53.98,53.98,0.0,11,True,0,210,https://books.toscrape.com/catalogue/take-me-home-tonight-rock-star-romance-3_605/index.html
Sleeping Giants (Themis Files #1),sleeping giants themis files 1,Science Fiction,f435aa99d864077d,1,48.74,48.74,48.74,0.0,11,True,0,293,https://books.toscrape.com/catalogue/sleeping-giants-themis-files-1_604/index.html
"Setting the World on Fire: The Brief, Astonishing Life of St. Catherine of Siena",setting the world on fire the brief astonishing life of st catherine of siena,Biography,b06599b108e83f98,2,21.15,21.15,21.15,0.0,11,True,0,293,https://books.toscrape.com/catalogue/setting-the-world-on-fire-the-brief-astonishing-life-of-st-catherine-of-siena_603/index.html
Playing with Fire,playing with fire,Mystery,05a61a3bd8ca4149,3,13.71,13.71,13.71,0.0,11,True,0,163,https://books.toscrape.com/catalogue/playing-with-fire_602/index.html
Off the Hook (Fishing for Trouble #1),off the hook fishing for trouble 1,Romance,b783ce08802cd1d1,3,47.67,47.67,47.67,0.0,11,True,0,279,https://books.toscrape.com/catalogue/off-the-hook-fishing-for-trouble-1_601/index.html
Mothering Sunday,mothering sunday,Fiction,47e1b2d43f709995,2,13.34,13.34,13.34,0.0,11,True,0,249,https://books.toscrape.com/catalogue/mothering-sunday_600/index.html
"Mother, Can You Not?",mother can you not,Nonfiction,28b2df9fadc9f07e,5,16.89,16.89,16.89,0.0,11,True,0,251,https://books.toscrape.com/catalogue/mother-can-you-not_599/index.html
M Train,m train,Autobiography,5569c3fea112718e,1,27.18,27.18,27.18,0.0,11,True,0,302,https://books.toscrape.com/catalogue/m-train_598/index.html
Lilac Girls,lilac girls,Historical Fiction,bade9943ee01b63f,2,17.28,17.28,17.28,0.0,11,True,0,275,https://books.toscrape.com/catalogue/lilac-girls_597/index.html
Lies and Other Acts of Love,lies and other acts of love,Fiction,469508882dfc1991,1,45.14,45.14,45.14,0.0,11,True,0,229,https://books.toscrape.com/catalogue/lies-and-other-acts-of-love_596/index.html
Lab Girl,lab girl,Autobiography,825d6c44da3ca5a6,1,40.85,40.85,40.85,0.0,11,True,0,263,https://books.toscrape.com/catalogue/lab-girl_595/index.html
Keep Me Posted,keep me posted,Womens Fiction,20dc4f1ac5d4fd9c,4,20.46,20.46,20.46,0.0,11,True,0,269,https://books.toscrape.com/catalogue/keep-me-posted_594/index.html
It Didn't Start with You: How Inherited Family Trauma Shapes Who We Are and How to End the Cycle,it didn t start with you how inherited family trauma shapes who we are and how to end the cycle,Psychology,ce8666d9b42fc9a0,3,56.27,56.27,56.27,0.0,11,True,0,364,https://books.toscrape.com/catalogue/it-didnt-start-with-you-how-inherited-family-trauma-shapes-who-we-are-and-how-to-end-the-cycle_593/index.html
Grey (Fifty Shades #4),grey fifty shades 4,Womens Fiction,b5953ca1f8a0b8d7,4,48.49,48.49,48.49,0.0,11,True,0,238,https://books.toscrape.com/catalogue/grey-fifty-shades-4_592/index.html
"Exit, Pursued by a Bear",exit pursued by a bear,Young Adult,c65c25d990fc7025,4,51.34,51.34,51.34,0.0,11,True,0,225,https://books.toscrape.com/catalogue/exit-pursued-by-a-bear_591/index.html
Daredevils,daredevils,Fiction,f608c903c451f387,3,16.34,16.34,16.34,0.0,11,True,0,433,https://books.toscrape.com/catalogue/daredevils_590/index.html
Cravings: Recipes for What You Want to Eat,cravings recipes for what you want to eat,Food and Drink,2587c54f5530dafc,3,20.5,20.5,20.5,0.0,11,True,0,264,https://books.toscrape.com/catalogue/cravings-recipes-for-what-you-want-to-eat_589/index.html
Born for This: How to Find the Work You Were Meant to Do,born for this how to find the work you were meant to do,Business,816180220e8cb419,5,21.59,21.59,21.59,0.0,11,True,0,424,https://books.toscrape.com/catalogue/born-for-this-how-to-find-the-work-you-were-meant-to-do_588/index.html
Arena,arena,Science Fiction,2c34f9432069b52b,4,21.36,21.36,21.36,0.0,11,True,0,227,https://books.toscrape.com/catalogue/arena_587/index.html
Adultery,adultery,Default,bb967277222e689c,5,20.88,20.88,20.88,0.0,11,True,0,55,https://books.toscrape.com/catalogue/adultery_586/index.html
A Mother's Reckoning: Living in the Aftermath of Tragedy,a mother s reckoning living in the aftermath of tragedy,Nonfiction,2b69dec0193511d9,3,19.53,19.53,19.53,0.0,11,True,0,319,https://books.toscrape.com/catalogue/a-mothers-reckoning-living-in-the-aftermath-of-tragedy_585/index.html
A Gentleman's Position (Society of Gentlemen #3),a gentleman s position society of gentlemen 3,Romance,40c4bf520c17de54,5,14.75,14.75,14.75,0.0,11,True,0,276,https://books.toscrape.com/catalogue/a-gentlemans-position-society-of-gentlemen-3_584/index.html
11/22/63,11 22 63,Fiction,a9d7b75461084a26,3,48.48,48.48,48.48,0.0,11,True,0,221,https://books.toscrape.com/catalogue/112263_583/index.html
"10% Happier: How I Tamed the Voice in My Head, Reduced Stress Without Losing My Edge, and Found Self-Help That Actually Works",10 happier how i tamed the voice in my head reduced stress without losing my edge and found self help that actually works,Nonfiction,34669b2e9d407d3a,2,24.57,24.57,24.57,0.0,10,True,0,169,https://books.toscrape.com/catalogue/10-happier-how-i-tamed-the-voice-in-my-head-reduced-stress-without-losing-my-edge-and-found-self-help-that-actually-works_582/index.html
10-Day Green Smoothie Cleanse: Lose Up to 15 Pounds in 10 Days!,10 day green smoothie cleanse lose up to 15 pounds in 10 days,Health,96aa539bfd4c07e2,5,49.71,49.71,49.71,0.0,10,True,0,403,https://books.toscrape.com/catalogue/10-day-green-smoothie-cleanse-lose-up-to-15-pounds-in-10-days_581/index.html
Without Shame,without shame,Add a comment,ab60e6f5a63e1cfb,5,48.27,48.27,48.27,0.0,9,True,0,254,https://books.toscrape.com/catalogue/without-shame_580/index.html
Watchmen,watchmen,Add a comment,d1848064c54e01c7,4,58.05,58.05,58.05,0.0,9,True,0,147,https://books.toscrape.com/catalogue/watchmen_579/index.html
Unlimited Intuition Now,unlimited intuition now,Default,4fd0a2a350f016e6,4,58.87,58.87,58.87,0.0,9,True,0,227,https://books.toscrape.com/catalogue/unlimited-intuition-now_578/index.html
Underlying Notes,underlying notes,Default,0967effecd292a86,2,11.82,11.82,11.82,0.0,9,True,0,39,https://books.toscrape.com/catalogue/underlying-notes_577/index.html
The Shack,the shack,Fiction,903a9f8090104c2c,1,28.03,28.03,28.03,0.0,9,True,0,209,https://books.toscrape.com/catalogue/the-shack_576/index.html
The New Brand You: Your New Image Makes the Sale for You,the new brand you your new image makes the sale for you,Default,4b50fb1359ebf35d,5,44.05,44.05,44.05,0.0,9,True,0,250,https://books.toscrape.com/catalogue/the-new-brand-you-your-new-image-makes-the-sale-for-you_575/index.html
"The Moosewood Cookbook: Recipes from Moosewood Restaurant, Ithaca, New York",the moosewood cookbook recipes from moosewood restaurant ithaca new york,Food and Drink,65cfc9f242c2984a,4,12.34,12.34,12.34,0.0,9,True,0,127,https://books.toscrape.com/catalogue/the-moosewood-cookbook-recipes-from-moosewood-restaurant-ithaca-new-york_574/index.html
The Flowers Lied,the flowers lied,Default,33396269bcce166f,2,16.68,16.68,16.68,0.0,9,True,0,224,https://books.toscrape.com/catalogue/the-flowers-lied_573/index.html
"The Fabric of the Cosmos: Space, Time, and the Texture of Reality",the fabric of the cosmos space time and the texture of reality,Science,ca74f2e3c35a3e77,1,55.91,55.91,55.91,0.0,9,True,0,238,https://books.toscrape.com/catalogue/the-fabric-of-the-cosmos-space-time-and-the-texture-of-reality_572/index.html
The Book of Mormon,the book of mormon,Religion,3f25a2fedae191cc,3,24.57,24.57,24.57,0.0,9,True,0,561,https://books.toscrape.com/catalogue/the-book-of-mormon_571/index.html
The Art and Science of Low Carbohydrate Living,the art and science of low carbohydrate living,Health,f9c87ccb2bc4853b,5,52.98,52.98,52.98,0.0,9,True,0,198,https://books.toscrape.com/catalogue/the-art-and-science-of-low-carbohydrate-living_570/index.html
The Alien Club,the alien club,Young Adult,e77594ece9b9d1fe,1,54.4,54.4,54.4,0.0,9,True,0,244,https://books.toscrape.com/catalogue/the-alien-club_569/index.html
Suzie Snowflake: One beautiful flake (a self-esteem story),suzie snowflake one beautiful flake a self esteem story,Novels,0e095ed785af7e43,5,54.81,54.81,54.81,0.0,9,True,0,281,https://books.toscrape.com/catalogue/suzie-snowflake-one-beautiful-flake-a-self-esteem-story_568/index.html
Nap-a-Roo,nap a roo,Childrens,913e7109cec0cb4c,1,25.08,25.08,25.08,0.0,9,True,0,138,https://books.toscrape.com/catalogue/nap-a-roo_567/index.html
"NaNo What Now? Finding your editing process, revising your NaNoWriMo book and building a writing career through publishing and beyond",nano what now finding your editing process revising your nanowrimo book and building a writing career through publishing and beyond,Default,ee6c67859d70186b,4,10.41,10.41,10.41,0.0,9,True,0,255,https://books.toscrape.com/catalogue/nano-what-now-finding-your-editing-process-revising-your-nanowrimo-book-and-building-a-writing-career-through-publishing-and-beyond_566/index.html
Modern Day Fables,modern day fables,Default,6baac632f7711e26,2,47.44,47.44,47.44,0.0,9,True,0,416,https://books.toscrape.com/catalogue/modern-day-fables_565/index.html
If I Gave You God's Phone Number....: Searching for Spirituality in America,if i gave you god s phone number searching for spirituality in america,Spirituality,8fab4c4f6f82a4ce,1,20.91,20.91,20.91,0.0,9,True,0,619,https://books.toscrape.com/catalogue/if-i-gave-you-gods-phone-number-searching-for-spirituality-in-america_564/index.html
"Fruits Basket, Vol. 9 (Fruits Basket #9)",fruits basket vol 9 fruits basket 9,Sequential Art,97187f5cf0385da3,4,33.95,33.95,33.95,0.0,9,True,0,52,https://books.toscrape.com/catalogue/fruits-basket-vol-9-fruits-basket-9_563/index.html
Dress Your Family in Corduroy and Denim,dress your family in corduroy and denim,Humor,7e9068872228c474,3,43.68,43.68,43.68,0.0,9,True,0,223,https://books.toscrape.com/catalogue/dress-your-family-in-corduroy-and-denim_562/index.html
Don't Forget Steven,don t forget steven,Young Adult,e845d305f64154f1,1,33.23,33.23,33.23,0.0,9,True,0,218,https://books.toscrape.com/catalogue/dont-forget-steven_561/index.html
Chernobyl 01:23:40: The Incredible True Story of the World's Worst Nuclear Disaster,chernobyl 01 23 40 the incredible true story of the world s worst nuclear disaster,Nonfiction,7186241e043de5dc,2,35.92,35.92,35.92,0.0,9,True,0,228,https://books.toscrape.com/catalogue/chernobyl-012340-the-incredible-true-story-of-the-worlds-worst-nuclear-disaster_560/index.html
Art and Fear: Observations on the Perils (and Rewards) of Artmaking,art and fear observations on the perils and rewards of artmaking,Art,d6d9ffea95f2f8bf,4,48.63,48.63,48.63,0.0,9,True,0,414,https://books.toscrape.com/catalogue/art-and-fear-observations-on-the-perils-and-rewards-of-artmaking_559/index.html
A Shard of Ice (The Black Symphony Saga #1),a shard of ice the black symphony saga 1,Fantasy,63d5f1651880dcea,3,56.63,56.63,56.63,0.0,9,True,0,379,https://books.toscrape.com/catalogue/a-shard-of-ice-the-black-symphony-saga-1_558/index.html
A Hero's Curse (The Unseen Chronicles #1),a hero s curse the unseen chronicles 1,Add a comment,c181ca8eabe7d18c,3,50.49,50.49,50.49,0.0,9,True,0,209,https://books.toscrape.com/catalogue/a-heros-curse-the-unseen-chronicles-1_557/index.html
23 Degrees South: A Tropical Tale of Changing Whether...,23 degrees south a tropical tale of changing whether,Add a comment,61cf7eb9d2cd8bb0,2,35.79,35.79,35.79,0.0,9,True,0,172,https://books.toscrape.com/catalogue/23-degrees-south-a-tropical-tale-of-changing-whether_556/index.html
"Zero to One: Notes on Startups, or How to Build the Future",zero to one notes on startups or how to build the future,Nonfiction,e77033ce559947f7,3,34.06,34.06,34.06,0.0,8,True,0,315,https://books.toscrape.com/catalogue/zero-to-one-notes-on-startups-or-how-to-build-the-future_555/index.html
Why Not Me?,why not me,Nonfiction,04f6c929888f4f11,1,17.76,17.76,17.76,0.0,8,True,0,335,https://books.toscrape.com/catalogue/why-not-me_554/index.html
When Breath Becomes Air,when breath becomes air,Nonfiction,b69c852e7e3956af,2,39.36,39.36,39.36,0.0,8,True,0,247,https://books.toscrape.com/catalogue/when-breath-becomes-air_553/index.html
Vagabonding: An Uncommon Guide to the Art of Long-Term World Travel,vagabonding an uncommon guide to the art of long term world travel,Travel,1809259a5a5f1d8d,2,36.94,36.94,36.94,0.0,8,True,0,329,https://books.toscrape.com/catalogue/vagabonding-an-uncommon-guide-to-the-art-of-long-term-world-travel_552/index.html
The Unlikely Pilgrimage of Harold Fry (Harold Fry #1),the unlikely pilgrimage of harold fry harold fry 1,Default,e0bdd79c7304ee8d,5,43.62,43.62,43.62,0.0,8,True,0,316,https://books.toscrape.com/catalogue/the-unlikely-pilgrimage-of-harold-fry-harold-fry-1_551/index.html
The New Drawing on the Right Side of the Brain,the new drawing on the right side of the brain,Art,3eec766dda26fa64,3,43.02,43.02,43.02,0.0,8,True,0,203,https://books.toscrape.com/catalogue/the-new-drawing-on-the-right-side-of-the-brain_550/index.html
"The Midnight Assassin: Panic, Scandal, and the Hunt for America's First Serial Killer",the midnight assassin panic scandal and the hunt for america s first serial killer,Nonfiction,5a0d2e9284004266,4,28.45,28.45,28.45,0.0,8,True,0,269,https://books.toscrape.com/catalogue/the-midnight-assassin-panic-scandal-and-the-hunt-for-americas-first-serial-killer_549/index.html
The Martian (The Martian #1),the martian the martian 1,Default,9afd00e81d6208e6,2,41.39,41.39,41.39,0.0,8,True,0,318,https://books.toscrape.com/catalogue/the-martian-the-martian-1_548/index.html
The High Mountains of Portugal,the high mountains of portugal,Fiction,4f283dfcbeccc0d4,1,51.15,51.15,51.15,0.0,8,True,0,223,https://books.toscrape.com/catalogue/the-high-mountains-of-portugal_547/index.html
The Grownup,the grownup,Short Stories,1bba4b1ba23ed2d6,1,35.88,35.88,35.88,0.0,8,True,0,195,https://books.toscrape.com/catalogue/the-grownup_546/index.html
The E-Myth Revisited: Why Most Small Businesses Don't Work and What to Do About It,the e myth revisited why most small businesses don t work and what to do about it,Business,a2308a936e898d48,1,36.91,36.91,36.91,0.0,8,True,0,245,https://books.toscrape.com/catalogue/the-e-myth-revisited-why-most-small-businesses-dont-work-and-what-to-do-about-it_545/index.html
South of Sunshine,south of sunshine,Young Adult,331c26103d885cae,1,28.93,28.93,28.93,0.0,8,True,0,252,https://books.toscrape.com/catalogue/south-of-sunshine_544/index.html
Smarter Faster Better: The Secrets of Being Productive in Life and Business,smarter faster better the secrets of being productive in life and business,Nonfiction,a2475a245c9907c4,5,38.89,38.89,38.89,0.0,8,True,0,25,https://books.toscrape.com/catalogue/smarter-faster-better-the-secrets-of-being-productive-in-life-and-business_543/index.html
Silence in the Dark (Logan Point #4),silence in the dark logan point 4,Suspense,e46a164cf310fd7d,3,58.33,58.33,58.33,0.0,8,True,0,204,https://books.toscrape.com/catalogue/silence-in-the-dark-logan-point-4_542/index.html
Shadows of the Past (Logan Point #1),shadows of the past logan point 1,Christian Fiction,bee6e93e9976f4fa,5,39.67,39.67,39.67,0.0,8,True,0,188,https://books.toscrape.com/catalogue/shadows-of-the-past-logan-point-1_541/index.html
Roller Girl,roller girl,Sequential Art,aeb51dfbe8aeec59,5,14.1,14.1,14.1,0.0,8,True,0,154,https://books.toscrape.com/catalogue/roller-girl_540/index.html
Rising Strong,rising strong,Nonfiction,52fc458ffc756faf,3,21.82,21.82,21.82,0.0,8,True,0,151,https://books.toscrape.com/catalogue/rising-strong_539/index.html
Proofs of God: Classical Arguments from Tertullian to Barth,proofs of god classical arguments from tertullian to barth,Philosophy,d56d0710668bb39c,1,54.21,54.21,54.21,0.0,8,True,0,140,https://books.toscrape.com/catalogue/proofs-of-god-classical-arguments-from-tertullian-to-barth_538/index.html
Please Kill Me: The Uncensored Oral History of Punk,please kill me the uncensored oral history of punk,Music,4a823d80aa30dbb0,4,31.19,31.19,31.19,0.0,8,True,0,176,https://books.toscrape.com/catalogue/please-kill-me-the-uncensored-oral-history-of-punk_537/index.html
Out of Print: City Lights Spotlight No. 14,out of print city lights spotlight no 14,Poetry,c0fc0cd215ee1724,5,53.64,53.64,53.64,0.0,8,True,0,377,https://books.toscrape.com/catalogue/out-of-print-city-lights-spotlight-no-14_536/index.html
My Life Next Door (My Life Next Door ),my life next door my life next door,Young Adult,9a7291b89bd5445c,5,36.39,36.39,36.39,0.0,8,True,0,215,https://books.toscrape.com/catalogue/my-life-next-door-my-life-next-door_535/index.html
Miller's Valley,miller s valley,Fiction,bff270fe9c86a5a9,2,58.54,58.54,58.54,0.0,8,True,0,250,https://books.toscrape.com/catalogue/millers-valley_534/index.html
Man's Search for Meaning,man s search for meaning,Nonfiction,4729afff3bea0f0a,3,29.48,29.48,29.48,0.0,8,True,0,234,https://books.toscrape.com/catalogue/mans-search-for-meaning_533/index.html
"Love That Boy: What Two Presidents, Eight Road Trips, and My Son Taught Me About a Parent's Expectations",love that boy what two presidents eight road trips and my son taught me about a parent s expectations,Nonfiction,4d3a4c7b442a9a4e,2,25.06,25.06,25.06,0.0,8,True,0,291,https://books.toscrape.com/catalogue/love-that-boy-what-two-presidents-eight-road-trips-and-my-son-taught-me-about-a-parents-expectations_532/index.html
Living Forward: A Proven Plan to Stop Drifting and Get the Life You Want,living forward a proven plan to stop drifting and get the life you want,Nonfiction,044534b0b28b4e87,3,12.55,12.55,12.55,0.0,8,True,0,263,https://books.toscrape.com/catalogue/living-forward-a-proven-plan-to-stop-drifting-and-get-the-life-you-want_531/index.html
Les Fleurs du Mal,les fleurs du mal,Poetry,c44c5e1425475206,5,29.04,29.04,29.04,0.0,8,True,0,23,https://books.toscrape.com/catalogue/les-fleurs-du-mal_530/index.html
Left Behind (Left Behind #1),left behind left behind 1,Default,29af1a2566c4e36e,2,40.72,40.72,40.72,0.0,8,True,0,49,https://books.toscrape.com/catalogue/left-behind-left-behind-1_529/index.html
Kill 'Em and Leave: Searching for James Brown and the American Soul,kill em and leave searching for james brown and the american soul,Music,39eefec3a8498dde,5,45.05,45.05,45.05,0.0,8,True,0,561,https://books.toscrape.com/catalogue/kill-em-and-leave-searching-for-james-brown-and-the-american-soul_528/index.html
Kierkegaard: A Christian Missionary to Christians,kierkegaard a christian missionary to christians,Philosophy,0cf57cb49272fd37,1,47.13,47.13,47.13,0.0,8,True,0,221,https://books.toscrape.com/catalogue/kierkegaard-a-christian-missionary-to-christians_527/index.html
John Vassos: Industrial Design for Modern Life,john vassos industrial design for modern life,Default,bd26e8a79a856c31,4,20.22,20.22,20.22,0.0,8,True,0,376,https://books.toscrape.com/catalogue/john-vassos-industrial-design-for-modern-life_526/index.html
I'll Give You the Sun,i ll give you the sun,Default,0ab4b35dcffcffd1,1,56.48,56.48,56.48,0.0,8,True,0,242,https://books.toscrape.com/catalogue/ill-give-you-the-sun_525/index.html
I Will Find You,i will find you,Nonfiction,bbf1ea50be8008ab,1,44.21,44.21,44.21,0.0,8,True,0,289,https://books.toscrape.com/catalogue/i-will-find-you_524/index.html
Hystopia: A Novel,hystopia a novel,Fiction,0bfdef63285d3019,4,21.96,21.96,21.96,0.0,8,True,0,249,https://books.toscrape.com/catalogue/hystopia-a-novel_523/index.html
Howl and Other Poems,howl and other poems,Poetry,b7870fa6dc088fbb,2,40.45,40.45,40.45,0.0,8,True,0,194,https://books.toscrape.com/catalogue/howl-and-other-poems_522/index.html
History of Beauty,history of beauty,Art,8a150fd8ff5d7686,4,10.29,10.29,10.29,0.0,8,True,0,170,https://books.toscrape.com/catalogue/history-of-beauty_521/index.html
Heaven is for Real: A Little Boy's Astounding Story of His Trip to Heaven and Back,heaven is for real a little boy s astounding story of his trip to heaven and back,Default,d48c1369927ebef1,2,52.86,52.86,52.86,0.0,8,True,0,331,https://books.toscrape.com/catalogue/heaven-is-for-real-a-little-boys-astounding-story-of-his-trip-to-heaven-and-back_520/index.html
Future Shock (Future Shock #1),future shock future shock 1,Young Adult,df6a7c43faa6732b,5,55.65,55.65,55.65,0.0,8,True,0,265,https://books.toscrape.com/catalogue/future-shock-future-shock-1_519/index.html
Ender's Game (The Ender Quintet #1),ender s game the ender quintet 1,Default,e049d44c4f1cf1b2,1,43.64,43.64,43.64,0.0,8,True,0,316,https://books.toscrape.com/catalogue/enders-game-the-ender-quintet-1_518/index.html
Diary of a Citizen Scientist: Chasing Tiger Beetles and Other New Ways of Engaging the World,diary of a citizen scientist chasing tiger beetles and other new ways of engaging the world,Science,0c11e2d068768dbb,1,28.41,28.41,28.41,0.0,8,True,0,312,https://books.toscrape.com/catalogue/diary-of-a-citizen-scientist-chasing-tiger-beetles-and-other-new-ways-of-engaging-the-world_517/index.html
Death by Leisure: A Cautionary Tale,death by leisure a cautionary tale,Default,4dbd54d9e36c9566,4,37.51,37.51,37.51,0.0,8,True,0,224,https://books.toscrape.com/catalogue/death-by-leisure-a-cautionary-tale_516/index.html
Brilliant Beacons: A History of the American Lighthouse,brilliant beacons a history of the american lighthouse,History,7f5157bf53065d36,3,11.45,11.45,11.45,0.0,8,True,0,412,https://books.toscrape.com/catalogue/brilliant-beacons-a-history-of-the-american-lighthouse_515/index.html
Brazen: The Courage to Find the You That's Been Hiding,brazen the courage to find the you that s been hiding,Nonfiction,77e9ea355bd8ae57,2,19.22,19.22,19.22,0.0,8,True,0,260,https://books.toscrape.com/catalogue/brazen-the-courage-to-find-the-you-thats-been-hiding_514/index.html
Between the World and Me,between the world and me,Nonfiction,04e3de7ac35ec5cd,4,56.91,56.91,56.91,0.0,8,True,0,322,https://books.toscrape.com/catalogue/between-the-world-and-me_513/index.html
Being Mortal: Medicine and What Matters in the End,being mortal medicine and what matters in the end,Nonfiction,15ebd83e53d0391b,4,55.06,55.06,55.06,0.0,8,True,0,265,https://books.toscrape.com/catalogue/being-mortal-medicine-and-what-matters-in-the-end_512/index.html
"A Murder Over a Girl: Justice, Gender, Junior High",a murder over a girl justice gender junior high,Nonfiction,fef91502cbacf23a,3,13.2,13.2,13.2,0.0,8,True,0,269,https://books.toscrape.com/catalogue/a-murder-over-a-girl-justice-gender-junior-high_511/index.html
32 Yolks,32 yolks,Food and Drink,b1a227b7609ff263,2,53.63,53.63,53.63,0.0,8,True,0,187,https://books.toscrape.com/catalogue/32-yolks_510/index.html
"""Most Blessed of the Patriarchs"": Thomas Jefferson and the Empire of the Imagination",most blessed of the patriarchs thomas jefferson and the empire of the imagination,History,f16c2edb2a603f92,5,44.48,44.48,44.48,0.0,8,True,0,458,https://books.toscrape.com/catalogue/most-blessed-of-the-patriarchs-thomas-jefferson-and-the-empire-of-the-imagination_509/index.html
You Are a Badass: How to Stop Doubting Your Greatness and Start Living an Awesome Life,you are a badass how to stop doubting your greatness and start living an awesome life,Self Help,88ec621893e595d0,3,12.08,12.08,12.08,0.0,7,True,0,159,https://books.toscrape.com/catalogue/you-are-a-badass-how-to-stop-doubting-your-greatness-and-start-living-an-awesome-life_508/index.html
Wildlife of New York: A Five-Borough Coloring Book,wildlife of new york a five borough coloring book,Default,b46d022080543144,2,22.14,22.14,22.14,0.0,7,True,0,213,https://books.toscrape.com/catalogue/wildlife-of-new-york-a-five-borough-coloring-book_507/index.html
What Happened on Beale Street (Secrets of the South Mysteries #2),what happened on beale street secrets of the south mysteries 2,Mystery,9735c969c652dd89,5,25.37,25.37,25.37,0.0,7,True,0,257,https://books.toscrape.com/catalogue/what-happened-on-beale-street-secrets-of-the-south-mysteries-2_506/index.html
Unreasonable Hope: Finding Faith in the God Who Brings Purpose to Your Pain,unreasonable hope finding faith in the god who brings purpose to your pain,Spirituality,48cb52d78c992487,2,46.33,46.33,46.33,0.0,7,True,0,216,https://books.toscrape.com/catalogue/unreasonable-hope-finding-faith-in-the-god-who-brings-purpose-to-your-pain_505/index.html
Under the Tuscan Sun,under the tuscan sun,Travel,a94350ee74deaa07,3,37.33,37.33,37.33,0.0,7,True,0,166,https://books.toscrape.com/catalogue/under-the-tuscan-sun_504/index.html
Toddlers Are A**holes: It's Not Your Fault,toddlers are a holes it s not your fault,Humor,4242cc3d0437db12,1,25.55,25.55,25.55,0.0,7,True,0,306,https://books.toscrape.com/catalogue/toddlers-are-aholes-its-not-your-fault_503/index.html
The Year of Living Biblically: One Man's Humble Quest to Follow the Bible as Literally as Possible,the year of living biblically one man s humble quest to follow the bible as literally as possible,Default,4a0b78598b42897a,1,34.72,34.72,34.72,0.0,7,True,0,357,https://books.toscrape.com/catalogue/the-year-of-living-biblically-one-mans-humble-quest-to-follow-the-bible-as-literally-as-possible_502/index.html
The Whale,the whale,Childrens,0ff9d10864db8364,4,35.96,35.96,35.96,0.0,7,True,0,185,https://books.toscrape.com/catalogue/the-whale_501/index.html
The Story of Art,the story of art,Art,9147c5251cc99eb1,4,41.14,41.14,41.14,0.0,7,True,0,165,https://books.toscrape.com/catalogue/the-story-of-art_500/index.html
The Origin of Species,the origin of species,Science,0345872b14f9e774,4,10.01,10.01,10.01,0.0,7,True,0,228,https://books.toscrape.com/catalogue/the-origin-of-species_499/index.html
The Great Gatsby,the great gatsby,Default,a8dbf1c6b41b885a,4,36.05,36.05,36.05,0.0,7,True,0,160,https://books.toscrape.com/catalogue/the-great-gatsby_498/index.html
The Good Girl,the good girl,Default,f935412970c9f58f,3,49.03,49.03,49.03,0.0,7,True,0,235,https://books.toscrape.com/catalogue/the-good-girl_497/index.html
The Glass Castle,the glass castle,Add a comment,47f4fd3e8e1dac05,1,16.24,16.24,16.24,0.0,7,True,0,186,https://books.toscrape.com/catalogue/the-glass-castle_496/index.html
The Faith of Christopher Hitchens: The Restless Soul of the World's Most Notorious Atheist,the faith of christopher hitchens the restless soul of the world s most notorious atheist,Biography,57f85720e54d6442,1,39.55,39.55,39.55,0.0,7,True,0,379,https://books.toscrape.com/catalogue/the-faith-of-christopher-hitchens-the-restless-soul-of-the-worlds-most-notorious-atheist_495/index.html
The Drowning Girls,the drowning girls,Add a comment,7a10353c9c54cf7c,3,35.67,35.67,35.67,0.0,7,True,0,279,https://books.toscrape.com/catalogue/the-drowning-girls_494/index.html
The Constant Princess (The Tudor Court #1),the constant princess the tudor court 1,Historical Fiction,24933c712f0bca2f,3,16.62,16.62,16.62,0.0,7,True,0,271,https://books.toscrape.com/catalogue/the-constant-princess-the-tudor-court-1_493/index.html
The Bourne Identity (Jason Bourne #1),the bourne identity jason bourne 1,Fiction,d250657f0ebc5d73,4,42.78,42.78,42.78,0.0,7,True,0,69,https://books.toscrape.com/catalogue/the-bourne-identity-jason-bourne-1_492/index.html
The Bachelor Girl's Guide to Murder (Herringford and Watts Mysteries #1),the bachelor girl s guide to murder herringford and watts mysteries 1,Mystery,20789fb17b423c4c,5,52.3,52.3,52.3,0.0,7,True,0,210,https://books.toscrape.com/catalogue/the-bachelor-girls-guide-to-murder-herringford-and-watts-mysteries-1_491/index.html
The Art Book,the art book,Art,4b8fa561a1e52d1c,2,32.34,32.34,32.34,0.0,7,True,0,170,https://books.toscrape.com/catalogue/the-art-book_490/index.html
The 7 Habits of Highly Effective People: Powerful Lessons in Personal Change,the 7 habits of highly effective people powerful lessons in personal change,Default,5fbd03b1ac0a0e69,4,33.17,33.17,33.17,0.0,7,True,0,123,https://books.toscrape.com/catalogue/the-7-habits-of-highly-effective-people-powerful-lessons-in-personal-change_489/index.html
Team of Rivals: The Political Genius of Abraham Lincoln,team of rivals the political genius of abraham lincoln,Add a comment,ba047a636b7d3793,5,20.12,20.12,20.12,0.0,7,True,0,1390,https://books.toscrape.com/catalogue/team-of-rivals-the-political-genius-of-abraham-lincoln_488/index.html
Steal Like an Artist: 10 Things Nobody Told You About Being Creative,steal like an artist 10 things nobody told you about being creative,Default,8776181be110838a,2,20.9,20.9,20.9,0.0,7,True,0,132,https://books.toscrape.com/catalogue/steal-like-an-artist-10-things-nobody-told-you-about-being-creative_487/index.html
"Sit, Stay, Love",sit stay love,Romance,bd087cf6a846db75,3,20.9,20.9,20.9,0.0,7,True,0,232,https://books.toscrape.com/catalogue/sit-stay-love_486/index.html
Sister Dear,sister dear,Fiction,7ffebdd1d5148aef,4,40.2,40.2,40.2,0.0,7,True,0,228,https://books.toscrape.com/catalogue/sister-dear_485/index.html
"Shrunken Treasures: Literary Classics, Short, Sweet, and Silly",shrunken treasures literary classics short sweet and silly,Childrens,9639e89d20228e6e,3,52.87,52.87,52.87,0.0,7,True,0,181,https://books.toscrape.com/catalogue/shrunken-treasures-literary-classics-short-sweet-and-silly_484/index.html
"Rich Dad, Poor Dad",rich dad poor dad,Business,8486f61aa81a3daa,1,51.74,51.74,51.74,0.0,7,True,0,147,https://books.toscrape.com/catalogue/rich-dad-poor-dad_483/index.html
Raymie Nightingale,raymie nightingale,Childrens,31c56c4d0fe19340,2,34.41,34.41,34.41,0.0,7,True,0,201,https://books.toscrape.com/catalogue/raymie-nightingale_482/index.html
Playing from the Heart,playing from the heart,Childrens,68008abf6409dfde,1,32.38,32.38,32.38,0.0,7,True,0,193,https://books.toscrape.com/catalogue/playing-from-the-heart_481/index.html
Nightstruck: A Novel,nightstruck a novel,Young Adult,746029796363aa51,4,50.35,50.35,50.35,0.0,7,True,0,247,https://books.toscrape.com/catalogue/nightstruck-a-novel_480/index.html
"Naturally Lean: 125 Nourishing Gluten-Free, Plant-Based Recipes--All Under 300 Calories",naturally lean 125 nourishing gluten free plant based recipes all under 300 calories,Food and Drink,924438fc6cbec836,5,11.38,11.38,11.38,0.0,7,True,0,167,https://books.toscrape.com/catalogue/naturally-lean-125-nourishing-gluten-free-plant-based-recipes-all-under-300-calories_479/index.html
Meternity,meternity,Womens Fiction,725cd8d23d78cdca,3,43.58,43.58,43.58,0.0,7,True,0,293,https://books.toscrape.com/catalogue/meternity_478/index.html
Memoirs of a Geisha,memoirs of a geisha,Fiction,dac4b5847454fd9b,3,49.67,49.67,49.67,0.0,7,True,0,144,https://books.toscrape.com/catalogue/memoirs-of-a-geisha_477/index.html
Like Never Before (Walker Family #2),like never before walker family 2,Christian Fiction,b6670507e85b30e6,2,28.77,28.77,28.77,0.0,7,True,0,245,https://books.toscrape.com/catalogue/like-never-before-walker-family-2_476/index.html
Life of Pi,life of pi,Default,40cdcbb7692fd408,4,13.22,13.22,13.22,0.0,7,True,0,58,https://books.toscrape.com/catalogue/life-of-pi_475/index.html
Leave This Song Behind: Teen Poetry at Its Best,leave this song behind teen poetry at its best,Poetry,b74ee891e2a6dd69,5,51.17,51.17,51.17,0.0,7,True,0,235,https://books.toscrape.com/catalogue/leave-this-song-behind-teen-poetry-at-its-best_474/index.html
King's Folly (The Kinsman Chronicles #1),king s folly the kinsman chronicles 1,Fantasy,4c82371b8cd02d4d,5,39.61,39.61,39.61,0.0,7,True,0,167,https://books.toscrape.com/catalogue/kings-folly-the-kinsman-chronicles-1_473/index.html
John Adams,john adams,Add a comment,68407606544d6f22,4,57.43,57.43,57.43,0.0,7,True,0,678,https://books.toscrape.com/catalogue/john-adams_472/index.html
How to Cook Everything Vegetarian: Simple Meatless Recipes for Great Food (How to Cook Everything),how to cook everything vegetarian simple meatless recipes for great food how to cook everything,Food and Drink,2a9fcb3382d351c8,4,46.01,46.01,46.01,0.0,7,True,0,417,https://books.toscrape.com/catalogue/how-to-cook-everything-vegetarian-simple-meatless-recipes-for-great-food-how-to-cook-everything_471/index.html
How to Be a Domestic Goddess: Baking and the Art of Comfort Cooking,how to be a domestic goddess baking and the art of comfort cooking,Food and Drink,eff5710404e2ff78,2,28.25,28.25,28.25,0.0,7,True,0,148,https://books.toscrape.com/catalogue/how-to-be-a-domestic-goddess-baking-and-the-art-of-comfort-cooking_470/index.html
Good in Bed (Cannie Shapiro #1),good in bed cannie shapiro 1,Add a comment,c00bc29a678a6efb,5,37.05,37.05,37.05,0.0,7,True,0,203,https://books.toscrape.com/catalogue/good-in-bed-cannie-shapiro-1_469/index.html
"Fruits Basket, Vol. 7 (Fruits Basket #7)",fruits basket vol 7 fruits basket 7,Sequential Art,de6d7645f192d517,1,19.57,19.57,19.57,0.0,7,True,0,143,https://books.toscrape.com/catalogue/fruits-basket-vol-7-fruits-basket-7_468/index.html
For the Love: Fighting for Grace in a World of Impossible Standards,for the love fighting for grace in a world of impossible standards,Nonfiction,2e40333991f56f45,3,45.13,45.13,45.13,0.0,7,True,0,220,https://books.toscrape.com/catalogue/for-the-love-fighting-for-grace-in-a-world-of-impossible-standards_467/index.html
Finding God in the Ruins: How God Redeems Pain,finding god in the ruins how god redeems pain,Nonfiction,4e78f06160b717ac,2,46.64,46.64,46.64,0.0,7,True,0,169,https://books.toscrape.com/catalogue/finding-god-in-the-ruins-how-god-redeems-pain_466/index.html
Every Heart a Doorway (Every Heart A Doorway #1),every heart a doorway every heart a doorway 1,Fantasy,4fa75fc6829431ca,5,12.16,12.16,12.16,0.0,7,True,0,183,https://books.toscrape.com/catalogue/every-heart-a-doorway-every-heart-a-doorway-1_465/index.html
Delivering the Truth (Quaker Midwife Mystery #1),delivering the truth quaker midwife mystery 1,Mystery,4e980425468708da,4,20.89,20.89,20.89,0.0,7,True,0,200,https://books.toscrape.com/catalogue/delivering-the-truth-quaker-midwife-mystery-1_464/index.html
Counted With the Stars (Out from Egypt #1),counted with the stars out from egypt 1,Christian Fiction,4807043b8218e9ce,5,17.97,17.97,17.97,0.0,7,True,0,187,https://books.toscrape.com/catalogue/counted-with-the-stars-out-from-egypt-1_463/index.html
"Chronicles, Vol. 1",chronicles vol 1,Music,4781b6bfd6f7a2c5,2,52.6,52.6,52.6,0.0,7,True,0,270,https://books.toscrape.com/catalogue/chronicles-vol-1_462/index.html
Blue Like Jazz: Nonreligious Thoughts on Christian Spirituality,blue like jazz nonreligious thoughts on christian spirituality,Christian,a322361a37a78d3d,1,25.77,25.77,25.77,0.0,7,True,0,216,https://books.toscrape.com/catalogue/blue-like-jazz-nonreligious-thoughts-on-christian-spirituality_461/index.html
Benjamin Franklin: An American Life,benjamin franklin an american life,Biography,5b546a46a86a9d8c,3,48.19,48.19,48.19,0.0,7,True,0,493,https://books.toscrape.com/catalogue/benjamin-franklin-an-american-life_460/index.html
"At The Existentialist Café: Freedom, Being, and apricot cocktails with: Jean-Paul Sartre, Simone de Beauvoir, Albert Camus, Martin Heidegger, Edmund Husserl, Karl Jaspers, Maurice Merleau-Ponty and others",at the existentialist caf freedom being and apricot cocktails with jean paul sartre simone de beauvoir albert camus martin heidegger edmund husserl karl jaspers maurice merleau ponty and others,Philosophy,6b52904b2ab91bf6,5,29.93,29.93,29.93,0.0,7,True,0,285,https://books.toscrape.com/catalogue/at-the-existentialist-cafe-freedom-being-and-apricot-cocktails-with-jean-paul-sartre-simone-de-beauvoir-albert-camus-martin-heidegger-edmund-husserl-karl-jaspers-maurice-merleau-ponty-and-others_459/index.html
A Summer In Europe,a summer in europe,Travel,cc1936a9f4e93477,2,44.34,44.34,44.34,0.0,7,True,0,319,https://books.toscrape.com/catalogue/a-summer-in-europe_458/index.html
A Short History of Nearly Everything,a short history of nearly everything,History,6c7fa6844380f50a,5,52.4,52.4,52.4,0.0,7,True,0,214,https://books.toscrape.com/catalogue/a-short-history-of-nearly-everything_457/index.html
A Gathering of Shadows (Shades of Magic #2),a gathering of shadows shades of magic 2,Fantasy,d1378a0ad06ff979,4,44.81,44.81,44.81,0.0,7,True,0,252,https://books.toscrape.com/catalogue/a-gathering-of-shadows-shades-of-magic-2_456/index.html
The Sound Of Love,the sound of love,Default,5ba3d703d1ae0c1d,5,57.84,57.84,57.84,0.0,6,True,0,470,https://books.toscrape.com/catalogue/the-sound-of-love_455/index.html
The Rise and Fall of the Third Reich: A History of Nazi Germany,the rise and fall of the third reich a history of nazi germany,History,774fa432bd7d9c47,2,39.67,39.67,39.67,0.0,6,True,0,233,https://books.toscrape.com/catalogue/the-rise-and-fall-of-the-third-reich-a-history-of-nazi-germany_454/index.html
The Perks of Being a Wallflower,the perks of being a wallflower,Default,fd364afd082f5446,3,55.02,55.02,55.02,0.0,6,True,0,218,https://books.toscrape.com/catalogue/the-perks-of-being-a-wallflower_453/index.html
The Mysterious Affair at Styles (Hercule Poirot #1),the mysterious affair at styles hercule poirot 1,Mystery,2da5edf8b5776c9a,4,24.8,24.8,24.8,0.0,6,True,0,49,https://books.toscrape.com/catalogue/the-mysterious-affair-at-styles-hercule-poirot-1_452/index.html
The Man Who Mistook His Wife for a Hat and Other Clinical Tales,the man who mistook his wife for a hat and other clinical tales,Nonfiction,60376aa71be66083,4,59.45,59.45,59.45,0.0,6,True,0,245,https://books.toscrape.com/catalogue/the-man-who-mistook-his-wife-for-a-hat-and-other-clinical-tales_451/index.html
The Makings of a Fatherless Child,the makings of a fatherless child,Default,2efa5a839e62b1bd,2,31.58,31.58,31.58,0.0,6,True,0,171,https://books.toscrape.com/catalogue/the-makings-of-a-fatherless-child_450/index.html
The Joy of Cooking,the joy of cooking,Add a comment,d326e189b1210916,4,43.27,43.27,43.27,0.0,6,True,0,630,https://books.toscrape.com/catalogue/the-joy-of-cooking_449/index.html
The Invention of Wings,the invention of wings,Historical Fiction,e6635f5b0a2c78db,1,37.34,37.34,37.34,0.0,6,True,0,364,https://books.toscrape.com/catalogue/the-invention-of-wings_448/index.html
The Hobbit (Middle-Earth Universe),the hobbit middle earth universe,Default,72b5355dda190b6a,5,17.8,17.8,17.8,0.0,6,True,0,221,https://books.toscrape.com/catalogue/the-hobbit-middle-earth-universe_447/index.html
The Great Railway Bazaar,the great railway bazaar,Travel,48736df57e7bec9f,1,30.54,30.54,30.54,0.0,6,True,0,172,https://books.toscrape.com/catalogue/the-great-railway-bazaar_446/index.html
The Golden Compass (His Dark Materials #1),the golden compass his dark materials 1,Add a comment,d33824cb93ecab6f,1,18.77,18.77,18.77,0.0,6,True,0,235,https://books.toscrape.com/catalogue/the-golden-compass-his-dark-materials-1_445/index.html
The God Delusion,the god delusion,Add a comment,2bc80eba94950873,3,46.85,46.85,46.85,0.0,6,True,0,214,https://books.toscrape.com/catalogue/the-god-delusion_444/index.html
The Girl You Left Behind (The Girl You Left Behind #1),the girl you left behind the girl you left behind 1,Historical,eb7459e0c570251d,1,15.79,15.79,15.79,0.0,6,True,0,211,https://books.toscrape.com/catalogue/the-girl-you-left-behind-the-girl-you-left-behind-1_443/index.html
The Fellowship of the Ring (The Lord of the Rings #1),the fellowship of the ring the lord of the rings 1,Default,cb17945cb90b7837,2,10.27,10.27,10.27,0.0,6,True,0,55,https://books.toscrape.com/catalogue/the-fellowship-of-the-ring-the-lord-of-the-rings-1_442/index.html
The Collected Poems of W.B. Yeats (The Collected Works of W.B. Yeats #1),the collected poems of w b yeats the collected works of w b yeats 1,Poetry,3d250ab0f12be445,5,15.42,15.42,15.42,0.0,6,True,0,226,https://books.toscrape.com/catalogue/the-collected-poems-of-wb-yeats-the-collected-works-of-wb-yeats-1_441/index.html
The Barefoot Contessa Cookbook,the barefoot contessa cookbook,Food and Drink,6478ccb4416e6a5d,5,59.92,59.92,59.92,0.0,6,True,0,434,https://books.toscrape.com/catalogue/the-barefoot-contessa-cookbook_440/index.html
Tell the Wolves I'm Home,tell the wolves i m home,Young Adult,2a1b3d967cda1da2,2,50.96,50.96,50.96,0.0,6,True,0,320,https://books.toscrape.com/catalogue/tell-the-wolves-im-home_439/index.html
Ship Leaves Harbor: Essays on Travel by a Recovering Journeyman,ship leaves harbor essays on travel by a recovering journeyman,Default,8d8e9f9b8730eb25,3,30.6,30.6,30.6,0.0,6,True,0,60,https://books.toscrape.com/catalogue/ship-leaves-harbor-essays-on-travel-by-a-recovering-journeyman_438/index.html
Pride and Prejudice,pride and prejudice,Add a comment,720c36b2bee4692e,4,19.27,19.27,19.27,0.0,6,True,0,132,https://books.toscrape.com/catalogue/pride-and-prejudice_437/index.html
Musicophilia: Tales of Music and the Brain,musicophilia tales of music and the brain,Default,6d235933670503d9,1,46.58,46.58,46.58,0.0,6,True,0,255,https://books.toscrape.com/catalogue/musicophilia-tales-of-music-and-the-brain_436/index.html
Mere Christianity,mere christianity,Add a comment,f38f37ed934d84b2,3,48.51,48.51,48.51,0.0,6,True,0,163,https://books.toscrape.com/catalogue/mere-christianity_435/index.html
Me Before You (Me Before You #1),me before you me before you 1,Fiction,7a2b51f69e81c722,1,19.02,19.02,19.02,0.0,6,True,0,195,https://books.toscrape.com/catalogue/me-before-you-me-before-you-1_434/index.html
In the Woods (Dublin Murder Squad #1),in the woods dublin murder squad 1,Mystery,6958de044cb28a84,2,38.38,38.38,38.38,0.0,6,True,0,236,https://books.toscrape.com/catalogue/in-the-woods-dublin-murder-squad-1_433/index.html
In Cold Blood,in cold blood,Nonfiction,fe0f34ebed689381,4,49.98,49.98,49.98,0.0,6,True,0,158,https://books.toscrape.com/catalogue/in-cold-blood_432/index.html
How to Stop Worrying and Start Living,how to stop worrying and start living,Self Help,e792c0969cefe1b8,5,46.49,46.49,46.49,0.0,6,True,0,230,https://books.toscrape.com/catalogue/how-to-stop-worrying-and-start-living_431/index.html
Give It Back,give it back,Thriller,012170e4fc87ace0,2,18.32,18.32,18.32,0.0,6,True,0,288,https://books.toscrape.com/catalogue/give-it-back_430/index.html
"Girl, Interrupted",girl interrupted,Nonfiction,384c7d41d5ffe9d1,3,42.14,42.14,42.14,0.0,6,True,0,202,https://books.toscrape.com/catalogue/girl-interrupted_429/index.html
Fun Home: A Family Tragicomic,fun home a family tragicomic,Add a comment,56a34d0cec11d6b0,4,56.59,56.59,56.59,0.0,6,True,0,147,https://books.toscrape.com/catalogue/fun-home-a-family-tragicomic_428/index.html
"Fruits Basket, Vol. 6 (Fruits Basket #6)",fruits basket vol 6 fruits basket 6,Sequential Art,97258f576d4bb672,4,20.96,20.96,20.96,0.0,6,True,0,58,https://books.toscrape.com/catalogue/fruits-basket-vol-6-fruits-basket-6_427/index.html
Deception Point,deception point,Fiction,4e3b183180e2a992,4,40.32,40.32,40.32,0.0,6,True,0,229,https://books.toscrape.com/catalogue/deception-point_426/index.html
"Death Note, Vol. 6: Give-and-Take (Death Note #6)",death note vol 6 give and take death note 6,Sequential Art,6e06d0f00f6da20f,3,36.39,36.39,36.39,0.0,6,True,0,260,https://books.toscrape.com/catalogue/death-note-vol-6-give-and-take-death-note-6_425/index.html
Catherine the Great: Portrait of a Woman,catherine the great portrait of a woman,History,f3c70d296ec796c4,4,58.55,58.55,58.55,0.0,6,True,0,378,https://books.toscrape.com/catalogue/catherine-the-great-portrait-of-a-woman_424/index.html
Better Homes and Gardens New Cook Book,better homes and gardens new cook book,Food and Drink,faf841f81c52638b,3,39.61,39.61,39.61,0.0,6,True,0,232,https://books.toscrape.com/catalogue/better-homes-and-gardens-new-cook-book_423/index.html
An Unquiet Mind: A Memoir of Moods and Madness,an unquiet mind a memoir of moods and madness,Psychology,46cb43c2ab133ccc,3,21.3,21.3,21.3,0.0,6,True,0,198,https://books.toscrape.com/catalogue/an-unquiet-mind-a-memoir-of-moods-and-madness_422/index.html
A Year in Provence (Provence #1),a year in provence provence 1,Travel,9e60929f521fa280,4,56.88,56.88,56.88,0.0,6,True,0,163,https://books.toscrape.com/catalogue/a-year-in-provence-provence-1_421/index.html
World Without End (The Pillars of the Earth #2),world without end the pillars of the earth 2,Historical Fiction,2e5b4ff08a75fd02,4,32.97,32.97,32.97,0.0,5,True,0,219,https://books.toscrape.com/catalogue/world-without-end-the-pillars-of-the-earth-2_420/index.html
"Will Grayson, Will Grayson (Will Grayson, Will Grayson)",will grayson will grayson will grayson will grayson,Young Adult,e75f3ae1da1cc652,4,47.31,47.31,47.31,0.0,5,True,0,188,https://books.toscrape.com/catalogue/will-grayson-will-grayson-will-grayson-will-grayson_419/index.html
Why Save the Bankers?: And Other Essays on Our Economic and Political Crisis,why save the bankers and other essays on our economic and political crisis,Nonfiction,759ee7d059b1beb8,2,48.67,48.67,48.67,0.0,5,True,0,274,https://books.toscrape.com/catalogue/why-save-the-bankers-and-other-essays-on-our-economic-and-political-crisis_418/index.html
Where She Went (If I Stay #2),where she went if i stay 2,Young Adult,60369d96b7b80869,4,41.73,41.73,41.73,0.0,5,True,0,192,https://books.toscrape.com/catalogue/where-she-went-if-i-stay-2_417/index.html
What If?: Serious Scientific Answers to Absurd Hypothetical Questions,what if serious scientific answers to absurd hypothetical questions,Default,163d89116179c33f,4,53.68,53.68,53.68,0.0,5,True,0,345,https://books.toscrape.com/catalogue/what-if-serious-scientific-answers-to-absurd-hypothetical-questions_416/index.html
Two Summers,two summers,Young Adult,3a7d54a264d9f33e,1,14.64,14.64,14.64,0.0,5,True,0,229,https://books.toscrape.com/catalogue/two-summers_415/index.html
This Is Your Brain on Music: The Science of a Human Obsession,this is your brain on music the science of a human obsession,Music,bc209a900101f28d,1,38.4,38.4,38.4,0.0,5,True,0,257,https://books.toscrape.com/catalogue/this-is-your-brain-on-music-the-science-of-a-human-obsession_414/index.html
The Secret Garden,the secret garden,Classics,abbb492978ff656d,4,15.08,15.08,15.08,0.0,5,True,0,170,https://books.toscrape.com/catalogue/the-secret-garden_413/index.html
The Raven King (The Raven Cycle #4),the raven king the raven cycle 4,Add a comment,2e4fc5eacceec12c,2,30.57,30.57,30.57,0.0,5,True,0,161,https://books.toscrape.com/catalogue/the-raven-king-the-raven-cycle-4_412/index.html
The Raven Boys (The Raven Cycle #1),the raven boys the raven cycle 1,Fantasy,e0b3a679b83caccc,4,57.74,57.74,57.74,0.0,5,True,0,244,https://books.toscrape.com/catalogue/the-raven-boys-the-raven-cycle-1_411/index.html
The Power Greens Cookbook: 140 Delicious Superfood Recipes,the power greens cookbook 140 delicious superfood recipes,Food and Drink,f701fae56b645ef7,5,11.05,11.05,11.05,0.0,5,True,0,388,https://books.toscrape.com/catalogue/the-power-greens-cookbook-140-delicious-superfood-recipes_410/index.html
The Metamorphosis,the metamorphosis,Classics,93379e3a2072a01b,1,28.58,28.58,28.58,0.0,5,True,0,262,https://books.toscrape.com/catalogue/the-metamorphosis_409/index.html
The Mathews Men: Seven Brothers and the War Against Hitler's U-boats,the mathews men seven brothers and the war against hitler s u boats,History,0d210d2448c3018f,5,42.91,42.91,42.91,0.0,5,True,0,544,https://books.toscrape.com/catalogue/the-mathews-men-seven-brothers-and-the-war-against-hitlers-u-boats_408/index.html
The Little Paris Bookshop,the little paris bookshop,Fiction,dfd9ff1f343cdaff,3,24.73,24.73,24.73,0.0,5,True,0,302,https://books.toscrape.com/catalogue/the-little-paris-bookshop_407/index.html
The Hiding Place,the hiding place,History,c4589ee5977a47be,4,55.91,55.91,55.91,0.0,5,True,0,212,https://books.toscrape.com/catalogue/the-hiding-place_406/index.html
The Grand Design,the grand design,Science,3213b1f13f5f0f7c,3,13.76,13.76,13.76,0.0,5,True,0,477,https://books.toscrape.com/catalogue/the-grand-design_405/index.html
The Firm,the firm,Fiction,ad84f18659e6bfe2,3,45.56,45.56,45.56,0.0,5,True,0,161,https://books.toscrape.com/catalogue/the-firm_404/index.html
The Fault in Our Stars,the fault in our stars,Default,3661360c99719414,1,47.22,47.22,47.22,0.0,5,True,0,142,https://books.toscrape.com/catalogue/the-fault-in-our-stars_403/index.html
The False Prince (The Ascendance Trilogy #1),the false prince the ascendance trilogy 1,Fantasy,a2a9f76339d21ab1,5,56.0,56.0,56.0,0.0,5,True,0,248,https://books.toscrape.com/catalogue/the-false-prince-the-ascendance-trilogy-1_402/index.html
The Expatriates,the expatriates,Fiction,fe7210553d56c097,2,44.58,44.58,44.58,0.0,5,True,0,267,https://books.toscrape.com/catalogue/the-expatriates_401/index.html
The Dream Thieves (The Raven Cycle #2),the dream thieves the raven cycle 2,Default,fec06f52054ea900,1,34.5,34.5,34.5,0.0,5,True,0,210,https://books.toscrape.com/catalogue/the-dream-thieves-the-raven-cycle-2_400/index.html
The Darkest Corners,the darkest corners,Young Adult,c4182bdb53e2459a,5,11.33,11.33,11.33,0.0,5,True,0,278,https://books.toscrape.com/catalogue/the-darkest-corners_399/index.html
The Crossover,the crossover,Poetry,b228042c088b1913,4,38.77,38.77,38.77,0.0,5,True,0,182,https://books.toscrape.com/catalogue/the-crossover_398/index.html
The 5th Wave (The 5th Wave #1),the 5th wave the 5th wave 1,Default,b716233fcb6877e6,2,11.83,11.83,11.83,0.0,5,True,0,194,https://books.toscrape.com/catalogue/the-5th-wave-the-5th-wave-1_397/index.html
Tell the Wind and Fire,tell the wind and fire,Fantasy,84126312e2431a09,3,45.51,45.51,45.51,0.0,5,True,0,222,https://books.toscrape.com/catalogue/tell-the-wind-and-fire_396/index.html
Tell Me Three Things,tell me three things,Young Adult,50d5a7b861ed1c54,1,41.81,41.81,41.81,0.0,5,True,0,243,https://books.toscrape.com/catalogue/tell-me-three-things_395/index.html
Talking to Girls About Duran Duran: One Young Man's Quest for True Love and a Cooler Haircut,talking to girls about duran duran one young man s quest for true love and a cooler haircut,Nonfiction,1dba84766a5e87b8,4,25.15,25.15,25.15,0.0,5,True,0,312,https://books.toscrape.com/catalogue/talking-to-girls-about-duran-duran-one-young-mans-quest-for-true-love-and-a-cooler-haircut_394/index.html
Siddhartha,siddhartha,Fiction,84bb29c53592ac40,5,34.22,34.22,34.22,0.0,5,True,0,134,https://books.toscrape.com/catalogue/siddhartha_393/index.html
Shiver (The Wolves of Mercy Falls #1),shiver the wolves of mercy falls 1,Default,59a8ae019b64f2a7,5,16.23,16.23,16.23,0.0,5,True,0,166,https://books.toscrape.com/catalogue/shiver-the-wolves-of-mercy-falls-1_392/index.html
Remember Me?,remember me,Default,2973d38c2fbd7a5c,3,11.48,11.48,11.48,0.0,5,True,0,296,https://books.toscrape.com/catalogue/remember-me_391/index.html
Red Dragon (Hannibal Lecter #1),red dragon hannibal lecter 1,Horror,e958ae92f328c181,3,23.37,23.37,23.37,0.0,5,True,0,175,https://books.toscrape.com/catalogue/red-dragon-hannibal-lecter-1_390/index.html
Peak: Secrets from the New Science of Expertise,peak secrets from the new science of expertise,Science,6036239d2ab349b7,2,16.28,16.28,16.28,0.0,5,True,0,22,https://books.toscrape.com/catalogue/peak-secrets-from-the-new-science-of-expertise_389/index.html
My Mother Was Nuts,my mother was nuts,Nonfiction,a4ce39a3720cd679,4,31.63,31.63,31.63,0.0,5,True,0,271,https://books.toscrape.com/catalogue/my-mother-was-nuts_388/index.html
Mexican Today: New and Rediscovered Recipes for Contemporary Kitchens,mexican today new and rediscovered recipes for contemporary kitchens,Food and Drink,12a90b90283b2e6d,5,24.91,24.91,24.91,0.0,5,True,0,279,https://books.toscrape.com/catalogue/mexican-today-new-and-rediscovered-recipes-for-contemporary-kitchens_387/index.html
Maybe Something Beautiful: How Art Transformed a Neighborhood,maybe something beautiful how art transformed a neighborhood,Childrens,81c68492ccd72941,1,22.54,22.54,22.54,0.0,5,True,0,131,https://books.toscrape.com/catalogue/maybe-something-beautiful-how-art-transformed-a-neighborhood_386/index.html
Lola and the Boy Next Door (Anna and the French Kiss #2),lola and the boy next door anna and the french kiss 2,Young Adult,5e1a88d248599768,4,23.63,23.63,23.63,0.0,5,True,0,140,https://books.toscrape.com/catalogue/lola-and-the-boy-next-door-anna-and-the-french-kiss-2_385/index.html
Logan Kade (Fallen Crest High #5.5),logan kade fallen crest high 5 5,Academic,7093cf549cd2e7de,2,13.12,13.12,13.12,0.0,5,True,0,215,https://books.toscrape.com/catalogue/logan-kade-fallen-crest-high-55_384/index.html
Last One Home (New Beginnings #1),last one home new beginnings 1,Fiction,07e6810fd3236bda,3,59.98,59.98,59.98,0.0,5,True,0,275,https://books.toscrape.com/catalogue/last-one-home-new-beginnings-1_383/index.html
Killing Floor (Jack Reacher #1),killing floor jack reacher 1,Thriller,8dde2ff3f6fcc0a3,4,31.49,31.49,31.49,0.0,5,True,0,61,https://books.toscrape.com/catalogue/killing-floor-jack-reacher-1_382/index.html
Kill the Boy Band,kill the boy band,Young Adult,44f545727e704187,5,15.52,15.52,15.52,0.0,5,True,0,166,https://books.toscrape.com/catalogue/kill-the-boy-band_381/index.html
Isla and the Happily Ever After (Anna and the French Kiss #3),isla and the happily ever after anna and the french kiss 3,Young Adult,45045146dbf7b009,5,48.13,48.13,48.13,0.0,5,True,0,196,https://books.toscrape.com/catalogue/isla-and-the-happily-ever-after-anna-and-the-french-kiss-3_380/index.html
If I Stay (If I Stay #1),if i stay if i stay 1,Default,7284d85428305f5a,5,38.13,38.13,38.13,0.0,5,True,0,185,https://books.toscrape.com/catalogue/if-i-stay-if-i-stay-1_379/index.html
I Know Why the Caged Bird Sings (Maya Angelou's Autobiography #1),i know why the caged bird sings maya angelou s autobiography 1,Default,d219d4e325e6f204,2,36.55,36.55,36.55,0.0,5,True,0,196,https://books.toscrape.com/catalogue/i-know-why-the-caged-bird-sings-maya-angelous-autobiography-1_378/index.html
Harry Potter and the Deathly Hallows (Harry Potter #7),harry potter and the deathly hallows harry potter 7,Default,6c49258724f11770,1,23.32,23.32,23.32,0.0,5,True,0,50,https://books.toscrape.com/catalogue/harry-potter-and-the-deathly-hallows-harry-potter-7_377/index.html
"Fruits Basket, Vol. 5 (Fruits Basket #5)",fruits basket vol 5 fruits basket 5,Sequential Art,3fd83dcf37bf1bc0,1,16.33,16.33,16.33,0.0,5,True,0,50,https://books.toscrape.com/catalogue/fruits-basket-vol-5-fruits-basket-5_376/index.html
Foundation (Foundation (Publication Order) #1),foundation foundation publication order 1,Science Fiction,3fc124f59f3068e4,1,32.42,32.42,32.42,0.0,5,True,0,204,https://books.toscrape.com/catalogue/foundation-foundation-publication-order-1_375/index.html
Fool Me Once,fool me once,Default,630e766f0a1987dd,1,16.96,16.96,16.96,0.0,5,True,0,195,https://books.toscrape.com/catalogue/fool-me-once_374/index.html
Find Her (Detective D.D. Warren #8),find her detective d d warren 8,Add a comment,b28c7d07afa7063b,1,22.37,22.37,22.37,0.0,5,True,0,275,https://books.toscrape.com/catalogue/find-her-detective-dd-warren-8_373/index.html
Evicted: Poverty and Profit in the American City,evicted poverty and profit in the american city,Add a comment,75cc85cdbe9ad46b,1,42.27,42.27,42.27,0.0,5,True,0,410,https://books.toscrape.com/catalogue/evicted-poverty-and-profit-in-the-american-city_372/index.html
Drama,drama,Default,d5ad4c92d8bf26c9,2,38.7,38.7,38.7,0.0,5,True,0,165,https://books.toscrape.com/catalogue/drama_371/index.html
Dracula the Un-Dead,dracula the un dead,Horror,e46b1074b99ac4b6,5,35.63,35.63,35.63,0.0,5,True,0,316,https://books.toscrape.com/catalogue/dracula-the-un-dead_370/index.html
Digital Fortress,digital fortress,Fiction,94bb629a3f6dd00b,5,58.0,58.0,58.0,0.0,5,True,0,249,https://books.toscrape.com/catalogue/digital-fortress_369/index.html
"Death Note, Vol. 5: Whiteout (Death Note #5)",death note vol 5 whiteout death note 5,Sequential Art,1c0a38899c82b60a,1,52.41,52.41,52.41,0.0,5,True,0,276,https://books.toscrape.com/catalogue/death-note-vol-5-whiteout-death-note-5_368/index.html
"Data, A Love Story: How I Gamed Online Dating to Meet My Match",data a love story how i gamed online dating to meet my match,Nonfiction,bcf567421c581f0a,3,32.35,32.35,32.35,0.0,5,True,0,58,https://books.toscrape.com/catalogue/data-a-love-story-how-i-gamed-online-dating-to-meet-my-match_367/index.html
Critique of Pure Reason,critique of pure reason,Philosophy,429b4a811bef386c,1,20.75,20.75,20.75,0.0,5,True,0,202,https://books.toscrape.com/catalogue/critique-of-pure-reason_366/index.html
Booked,booked,Poetry,b54d7416bb445989,5,17.49,17.49,17.49,0.0,5,True,0,176,https://books.toscrape.com/catalogue/booked_365/index.html
"Blue Lily, Lily Blue (The Raven Cycle #3)",blue lily lily blue the raven cycle 3,Default,ad5e078beceaeb4a,5,34.13,34.13,34.13,0.0,5,True,0,160,https://books.toscrape.com/catalogue/blue-lily-lily-blue-the-raven-cycle-3_364/index.html
Approval Junkie: Adventures in Caring Too Much,approval junkie adventures in caring too much,Autobiography,612369a5947a012e,5,58.81,58.81,58.81,0.0,5,True,0,375,https://books.toscrape.com/catalogue/approval-junkie-adventures-in-caring-too-much_363/index.html
An Abundance of Katherines,an abundance of katherines,Young Adult,f36d24c309e87e5b,5,10.0,10.0,10.0,0.0,5,True,0,214,https://books.toscrape.com/catalogue/an-abundance-of-katherines_362/index.html
America's War for the Greater Middle East: A Military History,america s war for the greater middle east a military history,History,add33db6ff80db24,2,51.22,51.22,51.22,0.0,5,True,0,640,https://books.toscrape.com/catalogue/americas-war-for-the-greater-middle-east-a-military-history_361/index.html
Alight (The Generations Trilogy #2),alight the generations trilogy 2,Default,d9290e99f189ce84,4,58.59,58.59,58.59,0.0,5,True,0,172,https://books.toscrape.com/catalogue/alight-the-generations-trilogy-2_360/index.html
A Girl's Guide to Moving On (New Beginnings #2),a girl s guide to moving on new beginnings 2,Romance,cf3b86489890b9f2,1,31.3,31.3,31.3,0.0,5,True,0,600,https://books.toscrape.com/catalogue/a-girls-guide-to-moving-on-new-beginnings-2_359/index.html
A Game of Thrones (A Song of Ice and Fire #1),a game of thrones a song of ice and fire 1,Add a comment,03cbb67c0f990d87,2,46.42,46.42,46.42,0.0,5,True,0,186,https://books.toscrape.com/catalogue/a-game-of-thrones-a-song-of-ice-and-fire-1_358/index.html
A Feast for Crows (A Song of Ice and Fire #4),a feast for crows a song of ice and fire 4,Fantasy,f2c8f4b4c94d5c5c,4,17.21,17.21,17.21,0.0,5,True,0,205,https://books.toscrape.com/catalogue/a-feast-for-crows-a-song-of-ice-and-fire-4_357/index.html
A Clash of Kings (A Song of Ice and Fire #2),a clash of kings a song of ice and fire 2,Add a comment,89a89e76f3516357,3,10.79,10.79,10.79,0.0,5,True,0,412,https://books.toscrape.com/catalogue/a-clash-of-kings-a-song-of-ice-and-fire-2_356/index.html
Vogue Colors A to Z: A Fashion Coloring Book,vogue colors a to z a fashion coloring book,Default,a8f4577a48023344,4,52.35,52.35,52.35,0.0,4,True,0,200,https://books.toscrape.com/catalogue/vogue-colors-a-to-z-a-fashion-coloring-book_355/index.html
The Shining (The Shining #1),the shining the shining 1,Default,d4de23aa98acc65b,3,27.88,27.88,27.88,0.0,4,True,0,187,https://books.toscrape.com/catalogue/the-shining-the-shining-1_354/index.html
The Pilgrim's Progress,the pilgrim s progress,Classics,6053ddf69c967d5f,2,50.26,50.26,50.26,0.0,4,True,0,192,https://books.toscrape.com/catalogue/the-pilgrims-progress_353/index.html
The Perfect Play (Play by Play #1),the perfect play play by play 1,Romance,9cc207168a03470d,3,59.99,59.99,59.99,0.0,4,True,0,252,https://books.toscrape.com/catalogue/the-perfect-play-play-by-play-1_352/index.html
The Passion of Dolssa,the passion of dolssa,Historical Fiction,011674f4a3834b8d,5,28.32,28.32,28.32,0.0,4,True,0,191,https://books.toscrape.com/catalogue/the-passion-of-dolssa_351/index.html
The Jazz of Physics: The Secret Link Between Music and the Structure of the Universe,the jazz of physics the secret link between music and the structure of the universe,Nonfiction,6a57286a8890d8c5,3,38.71,38.71,38.71,0.0,4,True,0,329,https://books.toscrape.com/catalogue/the-jazz-of-physics-the-secret-link-between-music-and-the-structure-of-the-universe_350/index.html
The Hunger Games (The Hunger Games #1),the hunger games the hunger games 1,Default,6d2f70d9424f41a1,5,29.85,29.85,29.85,0.0,4,True,0,251,https://books.toscrape.com/catalogue/the-hunger-games-the-hunger-games-1_349/index.html
The Hound of the Baskervilles (Sherlock Holmes #5),the hound of the baskervilles sherlock holmes 5,Classics,6587f46697fc4443,2,14.82,14.82,14.82,0.0,4,True,0,144,https://books.toscrape.com/catalogue/the-hound-of-the-baskervilles-sherlock-holmes-5_348/index.html
The Gunning of America: Business and the Making of American Gun Culture,the gunning of america business and the making of american gun culture,Nonfiction,45033bdf3d9ed158,4,16.81,16.81,16.81,0.0,4,True,0,382,https://books.toscrape.com/catalogue/the-gunning-of-america-business-and-the-making-of-american-gun-culture_347/index.html
The Geography of Bliss: One Grump's Search for the Happiest Places in the World,the geography of bliss one grump s search for the happiest places in the world,Nonfiction,c65ee14957c0fa5c,2,28.23,28.23,28.23,0.0,4,True,0,271,https://books.toscrape.com/catalogue/the-geography-of-bliss-one-grumps-search-for-the-happiest-places-in-the-world_346/index.html
The Demonists (Demonist #1),the demonists demonist 1,Fantasy,ff2dffba388d9922,2,52.11,52.11,52.11,0.0,4,True,0,217,https://books.toscrape.com/catalogue/the-demonists-demonist-1_345/index.html
"The Demon Prince of Momochi House, Vol. 4 (The Demon Prince of Momochi House #4)",the demon prince of momochi house vol 4 the demon prince of momochi house 4,Sequential Art,df53c2948b32bde3,2,27.88,27.88,27.88,0.0,4,True,0,131,https://books.toscrape.com/catalogue/the-demon-prince-of-momochi-house-vol-4-the-demon-prince-of-momochi-house-4_344/index.html
The Bone Hunters (Lexy Vaughan & Steven Macaulay #2),the bone hunters lexy vaughan steven macaulay 2,Thriller,9c4d061c1e2fe6bf,3,59.71,59.71,59.71,0.0,4,True,0,211,https://books.toscrape.com/catalogue/the-bone-hunters-lexy-vaughan-steven-macaulay-2_343/index.html
The Beast (Black Dagger Brotherhood #14),the beast black dagger brotherhood 14,Fantasy,8930013d06942df1,5,46.08,46.08,46.08,0.0,4,True,0,276,https://books.toscrape.com/catalogue/the-beast-black-dagger-brotherhood-14_342/index.html
Some Women,some women,Womens Fiction,31f5bbf4974d29c9,5,13.73,13.73,13.73,0.0,4,True,0,252,https://books.toscrape.com/catalogue/some-women_341/index.html
Shopaholic Ties the Knot (Shopaholic #3),shopaholic ties the knot shopaholic 3,Womens Fiction,38199c5d7da0c0ef,5,48.39,48.39,48.39,0.0,4,True,0,214,https://books.toscrape.com/catalogue/shopaholic-ties-the-knot-shopaholic-3_340/index.html
Paper and Fire (The Great Library #2),paper and fire the great library 2,Fantasy,ae884ac655d6ee3e,5,49.45,49.45,49.45,0.0,4,True,0,266,https://books.toscrape.com/catalogue/paper-and-fire-the-great-library-2_339/index.html
Outlander (Outlander #1),outlander outlander 1,Default,5de4baa88061a77a,5,19.67,19.67,19.67,0.0,4,True,0,193,https://books.toscrape.com/catalogue/outlander-outlander-1_338/index.html
"Orchestra of Exiles: The Story of Bronislaw Huberman, the Israel Philharmonic, and the One Thousand Jews He Saved from Nazi Horrors",orchestra of exiles the story of bronislaw huberman the israel philharmonic and the one thousand jews he saved from nazi horrors,Music,2ba5ccc84d35006c,3,12.36,12.36,12.36,0.0,4,True,0,343,https://books.toscrape.com/catalogue/orchestra-of-exiles-the-story-of-bronislaw-huberman-the-israel-philharmonic-and-the-one-thousand-jews-he-saved-from-nazi-horrors_337/index.html
No One Here Gets Out Alive,no one here gets out alive,Music,3a95f5a2df4ff921,5,20.02,20.02,20.02,0.0,4,True,0,151,https://books.toscrape.com/catalogue/no-one-here-gets-out-alive_336/index.html
Night Shift (Night Shift #1-20),night shift night shift 1 20,Horror,869d20b3b8128230,4,12.75,12.75,12.75,0.0,4,True,0,365,https://books.toscrape.com/catalogue/night-shift-night-shift-1-20_335/index.html
Needful Things,needful things,Horror,70b585c9d0f15725,4,47.51,47.51,47.51,0.0,4,True,0,157,https://books.toscrape.com/catalogue/needful-things_334/index.html
Mockingjay (The Hunger Games #3),mockingjay the hunger games 3,Default,5212c6acea3359e5,4,20.44,20.44,20.44,0.0,4,True,0,233,https://books.toscrape.com/catalogue/mockingjay-the-hunger-games-3_333/index.html
Misery,misery,Horror,81d4191030b9704b,2,34.79,34.79,34.79,0.0,4,True,0,55,https://books.toscrape.com/catalogue/misery_332/index.html
Little Women (Little Women #1),little women little women 1,Classics,deda806b68b0aa11,4,28.07,28.07,28.07,0.0,4,True,0,49,https://books.toscrape.com/catalogue/little-women-little-women-1_331/index.html
It,it,Horror,670a2773607d785d,3,25.01,25.01,25.01,0.0,4,True,0,201,https://books.toscrape.com/catalogue/it_330/index.html
Harry Potter and the Sorcerer's Stone (Harry Potter #1),harry potter and the sorcerer s stone harry potter 1,Default,ac337893a9fe0085,3,13.9,13.9,13.9,0.0,4,True,0,178,https://books.toscrape.com/catalogue/harry-potter-and-the-sorcerers-stone-harry-potter-1_329/index.html
Harry Potter and the Prisoner of Azkaban (Harry Potter #3),harry potter and the prisoner of azkaban harry potter 3,Young Adult,eff24325e0ede639,4,24.17,24.17,24.17,0.0,4,True,0,157,https://books.toscrape.com/catalogue/harry-potter-and-the-prisoner-of-azkaban-harry-potter-3_328/index.html
Harry Potter and the Order of the Phoenix (Harry Potter #5),harry potter and the order of the phoenix harry potter 5,Fantasy,5a6b7155f2797537,4,31.63,31.63,31.63,0.0,4,True,0,145,https://books.toscrape.com/catalogue/harry-potter-and-the-order-of-the-phoenix-harry-potter-5_327/index.html
Harry Potter and the Half-Blood Prince (Harry Potter #6),harry potter and the half blood prince harry potter 6,Fantasy,73f4f87dd936ee5c,5,48.75,48.75,48.75,0.0,4,True,0,206,https://books.toscrape.com/catalogue/harry-potter-and-the-half-blood-prince-harry-potter-6_326/index.html
Harry Potter and the Chamber of Secrets (Harry Potter #2),harry potter and the chamber of secrets harry potter 2,Fantasy,c7c4f55b7321cba7,1,14.74,14.74,14.74,0.0,4,True,0,217,https://books.toscrape.com/catalogue/harry-potter-and-the-chamber-of-secrets-harry-potter-2_325/index.html
Gone with the Wind,gone with the wind,Classics,23310ce84d3c9f85,3,32.49,32.49,32.49,0.0,4,True,0,195,https://books.toscrape.com/catalogue/gone-with-the-wind_324/index.html
God Is Not Great: How Religion Poisons Everything,god is not great how religion poisons everything,Nonfiction,ddbc5530d2939d49,1,27.8,27.8,27.8,0.0,4,True,0,175,https://books.toscrape.com/catalogue/god-is-not-great-how-religion-poisons-everything_323/index.html
Girl With a Pearl Earring,girl with a pearl earring,Historical Fiction,5eff05e59f905a49,1,26.77,26.77,26.77,0.0,4,True,0,210,https://books.toscrape.com/catalogue/girl-with-a-pearl-earring_322/index.html
"Fruits Basket, Vol. 4 (Fruits Basket #4)",fruits basket vol 4 fruits basket 4,Sequential Art,8fff1084aa085a13,4,50.44,50.44,50.44,0.0,4,True,0,128,https://books.toscrape.com/catalogue/fruits-basket-vol-4-fruits-basket-4_321/index.html
Far From True (Promise Falls Trilogy #2),far from true promise falls trilogy 2,Thriller,ad15a9a139919918,2,34.93,34.93,34.93,0.0,4,True,0,265,https://books.toscrape.com/catalogue/far-from-true-promise-falls-trilogy-2_320/index.html
Dark Lover (Black Dagger Brotherhood #1),dark lover black dagger brotherhood 1,Romance,2b69d289279aabfd,1,12.87,12.87,12.87,0.0,4,True,0,198,https://books.toscrape.com/catalogue/dark-lover-black-dagger-brotherhood-1_319/index.html
Confessions of a Shopaholic (Shopaholic #1),confessions of a shopaholic shopaholic 1,Default,a2dc754afb69bb32,2,48.94,48.94,48.94,0.0,4,True,0,257,https://books.toscrape.com/catalogue/confessions-of-a-shopaholic-shopaholic-1_318/index.html
Changing the Game (Play by Play #2),changing the game play by play 2,Romance,aaebac5fda798b1b,3,13.38,13.38,13.38,0.0,4,True,0,231,https://books.toscrape.com/catalogue/changing-the-game-play-by-play-2_317/index.html
Candide,candide,Classics,2798974abc8a58a8,3,58.63,58.63,58.63,0.0,4,True,0,163,https://books.toscrape.com/catalogue/candide_316/index.html
Can You Keep a Secret?,can you keep a secret,Womens Fiction,0812f54c93d726ce,1,21.94,21.94,21.94,0.0,4,True,0,187,https://books.toscrape.com/catalogue/can-you-keep-a-secret_315/index.html
Atlas Shrugged,atlas shrugged,Fiction,78a4ac98191ac675,5,26.58,26.58,26.58,0.0,4,True,0,331,https://books.toscrape.com/catalogue/atlas-shrugged_314/index.html
Animal Farm,animal farm,Classics,1451b55e5e56bb89,3,57.22,57.22,57.22,0.0,4,True,0,57,https://books.toscrape.com/catalogue/animal-farm_313/index.html
A Walk to Remember,a walk to remember,Romance,aead11697d14ea36,1,56.43,56.43,56.43,0.0,4,True,0,277,https://books.toscrape.com/catalogue/a-walk-to-remember_312/index.html
A New Earth: Awakening to Your Life's Purpose,a new earth awakening to your life s purpose,Spirituality,f6ae39568db1130e,5,55.65,55.65,55.65,0.0,4,True,0,236,https://books.toscrape.com/catalogue/a-new-earth-awakening-to-your-lifes-purpose_311/index.html
"A History of God: The 4,000-Year Quest of Judaism, Christianity, and Islam",a history of god the 4 000 year quest of judaism christianity and islam,Religion,d12ca4020c2f602e,1,27.62,27.62,27.62,0.0,4,True,0,175,https://books.toscrape.com/catalogue/a-history-of-god-the-4000-year-quest-of-judaism-christianity-and-islam_310/index.html
'Salem's Lot,salem s lot,Horror,6e9403f00acd6752,4,49.56,49.56,49.56,0.0,4,True,0,50,https://books.toscrape.com/catalogue/salems-lot_309/index.html
Zero History (Blue Ant #3),zero history blue ant 3,Default,634b7165c96ebb9f,1,34.77,34.77,34.77,0.0,3,True,0,315,https://books.toscrape.com/catalogue/zero-history-blue-ant-3_308/index.html
Wuthering Heights,wuthering heights,Classics,5a7ff9aaa3168878,3,17.73,17.73,17.73,0.0,3,True,0,173,https://books.toscrape.com/catalogue/wuthering-heights_307/index.html
World War Z: An Oral History of the Zombie War,world war z an oral history of the zombie war,Default,5d55202da0252627,1,21.8,21.8,21.8,0.0,3,True,0,406,https://books.toscrape.com/catalogue/world-war-z-an-oral-history-of-the-zombie-war_306/index.html
Wild: From Lost to Found on the Pacific Crest Trail,wild from lost to found on the pacific crest trail,Default,d30b9215c72cca87,3,46.02,46.02,46.02,0.0,3,True,0,192,https://books.toscrape.com/catalogue/wild-from-lost-to-found-on-the-pacific-crest-trail_305/index.html
"Where'd You Go, Bernadette",where d you go bernadette,Default,07bb35158d9dd3d2,1,18.13,18.13,18.13,0.0,3,True,0,183,https://books.toscrape.com/catalogue/whered-you-go-bernadette_304/index.html
When You Are Engulfed in Flames,when you are engulfed in flames,Humor,dab0196cd5fc8e5e,5,30.89,30.89,30.89,0.0,3,True,0,288,https://books.toscrape.com/catalogue/when-you-are-engulfed-in-flames_303/index.html
We the People: The Modern-Day Figures Who Have Reshaped and Affirmed the Founding Fathers' Vision of America,we the people the modern day figures who have reshaped and affirmed the founding fathers vision of america,Nonfiction,06bab964fd536971,3,31.95,31.95,31.95,0.0,3,True,0,432,https://books.toscrape.com/catalogue/we-the-people-the-modern-day-figures-who-have-reshaped-and-affirmed-the-founding-fathers-vision-of-america_302/index.html
We Are All Completely Beside Ourselves,we are all completely beside ourselves,Contemporary,be3db344a845580b,1,24.04,24.04,24.04,0.0,3,True,0,174,https://books.toscrape.com/catalogue/we-are-all-completely-beside-ourselves_301/index.html
Walk the Edge (Thunder Road #2),walk the edge thunder road 2,Young Adult,0e4e2d31c2fb3aad,3,32.36,32.36,32.36,0.0,3,True,0,234,https://books.toscrape.com/catalogue/walk-the-edge-thunder-road-2_300/index.html
Voyager (Outlander #3),voyager outlander 3,Historical Fiction,7feac4000cbc5859,5,21.07,21.07,21.07,0.0,3,True,0,216,https://books.toscrape.com/catalogue/voyager-outlander-3_299/index.html
Very Good Lives: The Fringe Benefits of Failure and the Importance of Imagination,very good lives the fringe benefits of failure and the importance of imagination,Nonfiction,52aa3d79b1cee455,3,50.66,50.66,50.66,0.0,3,True,0,149,https://books.toscrape.com/catalogue/very-good-lives-the-fringe-benefits-of-failure-and-the-importance-of-imagination_298/index.html
Vegan Vegetarian Omnivore: Dinner for Everyone at the Table,vegan vegetarian omnivore dinner for everyone at the table,Food and Drink,4672d10b9b1e7a05,2,13.66,13.66,13.66,0.0,3,True,0,446,https://books.toscrape.com/catalogue/vegan-vegetarian-omnivore-dinner-for-everyone-at-the-table_297/index.html
"Unstuffed: Decluttering Your Home, Mind, and Soul",unstuffed decluttering your home mind and soul,Nonfiction,b830685072fa871f,1,58.09,58.09,58.09,0.0,3,True,0,338,https://books.toscrape.com/catalogue/unstuffed-decluttering-your-home-mind-and-soul_296/index.html
Under the Banner of Heaven: A Story of Violent Faith,under the banner of heaven a story of violent faith,Nonfiction,599a4f98bb193368,1,30.0,30.0,30.0,0.0,3,True,0,205,https://books.toscrape.com/catalogue/under-the-banner-of-heaven-a-story-of-violent-faith_295/index.html
Two Boys Kissing,two boys kissing,Young Adult,61bc8167c9680283,2,32.74,32.74,32.74,0.0,3,True,0,177,https://books.toscrape.com/catalogue/two-boys-kissing_294/index.html
Twilight (Twilight #1),twilight twilight 1,Default,b53078de0147f6bf,2,41.93,41.93,41.93,0.0,3,True,0,145,https://books.toscrape.com/catalogue/twilight-twilight-1_293/index.html
Twenties Girl,twenties girl,Womens Fiction,8ebad30219b8679c,2,42.8,42.8,42.8,0.0,3,True,0,219,https://books.toscrape.com/catalogue/twenties-girl_292/index.html
"Trespassing Across America: One Man's Epic, Never-Done-Before (and Sort of Illegal) Hike Across the Heartland",trespassing across america one man s epic never done before and sort of illegal hike across the heartland,Nonfiction,2173a2ce35f6ace1,1,53.51,53.51,53.51,0.0,3,True,0,335,https://books.toscrape.com/catalogue/trespassing-across-america-one-mans-epic-never-done-before-and-sort-of-illegal-hike-across-the-heartland_291/index.html
Three-Martini Lunch,three martini lunch,Fiction,57f755143ee96fd4,3,23.21,23.21,23.21,0.0,3,True,0,256,https://books.toscrape.com/catalogue/three-martini-lunch_290/index.html
"Thinking, Fast and Slow",thinking fast and slow,Psychology,719d72f3ee512dc6,1,21.14,21.14,21.14,0.0,3,True,0,282,https://books.toscrape.com/catalogue/thinking-fast-and-slow_289/index.html
The Wild Robot,the wild robot,Childrens,75fed6a47f69859d,3,56.07,56.07,56.07,0.0,3,True,0,157,https://books.toscrape.com/catalogue/the-wild-robot_288/index.html
"The Wicked + The Divine, Vol. 3: Commercial Suicide (The Wicked + The Divine)",the wicked the divine vol 3 commercial suicide the wicked the divine,Sequential Art,a33ed2e6068df53e,3,14.41,14.41,14.41,0.0,3,True,0,136,https://books.toscrape.com/catalogue/the-wicked-the-divine-vol-3-commercial-suicide-the-wicked-the-divine_287/index.html
The Undomestic Goddess,the undomestic goddess,Womens Fiction,813cff2aefa5d1f0,4,45.75,45.75,45.75,0.0,3,True,0,208,https://books.toscrape.com/catalogue/the-undomestic-goddess_286/index.html
The Travelers,the travelers,Thriller,2b685187f55c5d31,1,15.77,15.77,15.77,0.0,3,True,0,240,https://books.toscrape.com/catalogue/the-travelers_285/index.html
The Tipping Point: How Little Things Can Make a Big Difference,the tipping point how little things can make a big difference,Add a comment,224fa77d4b248046,2,10.02,10.02,10.02,0.0,3,True,0,236,https://books.toscrape.com/catalogue/the-tipping-point-how-little-things-can-make-a-big-difference_284/index.html
The Thing About Jellyfish,the thing about jellyfish,Childrens,3d15714d4d3d15dd,1,48.77,48.77,48.77,0.0,3,True,0,168,https://books.toscrape.com/catalogue/the-thing-about-jellyfish_283/index.html
The Stand,the stand,Horror,49f24193f0b961e6,2,57.86,57.86,57.86,0.0,3,True,0,375,https://books.toscrape.com/catalogue/the-stand_282/index.html
The Smitten Kitchen Cookbook,the smitten kitchen cookbook,Food and Drink,742702d662a71410,1,23.59,23.59,23.59,0.0,3,True,0,453,https://books.toscrape.com/catalogue/the-smitten-kitchen-cookbook_281/index.html
The Silkworm (Cormoran Strike #2),the silkworm cormoran strike 2,Mystery,f06039c29b5891fa,5,23.05,23.05,23.05,0.0,3,True,0,211,https://books.toscrape.com/catalogue/the-silkworm-cormoran-strike-2_280/index.html
"The Sandman, Vol. 3: Dream Country (The Sandman (volumes) #3)",the sandman vol 3 dream country the sandman volumes 3,Sequential Art,91eb9605998a7c03,5,55.55,55.55,55.55,0.0,3,True,0,145,https://books.toscrape.com/catalogue/the-sandman-vol-3-dream-country-the-sandman-volumes-3_279/index.html
The Rose & the Dagger (The Wrath and the Dawn #2),the rose the dagger the wrath and the dawn 2,Fantasy,322a9e34d87f54b1,4,58.64,58.64,58.64,0.0,3,True,0,284,https://books.toscrape.com/catalogue/the-rose-the-dagger-the-wrath-and-the-dawn-2_278/index.html
The Road to Little Dribbling: Adventures of an American in Britain (Notes From a Small Island #2),the road to little dribbling adventures of an american in britain notes from a small island 2,Travel,366a236aa1ea6f07,1,23.21,23.21,23.21,0.0,3,True,0,190,https://books.toscrape.com/catalogue/the-road-to-little-dribbling-adventures-of-an-american-in-britain-notes-from-a-small-island-2_277/index.html
The Rise of Theodore Roosevelt (Theodore Roosevelt #1),the rise of theodore roosevelt theodore roosevelt 1,Biography,1a5044d233936b1a,3,42.57,42.57,42.57,0.0,3,True,0,59,https://books.toscrape.com/catalogue/the-rise-of-theodore-roosevelt-theodore-roosevelt-1_276/index.html
The Restaurant at the End of the Universe (Hitchhiker's Guide to the Galaxy #2),the restaurant at the end of the universe hitchhiker s guide to the galaxy 2,Science Fiction,0e92ccf1bd39e68f,1,10.92,10.92,10.92,0.0,3,True,0,237,https://books.toscrape.com/catalogue/the-restaurant-at-the-end-of-the-universe-hitchhikers-guide-to-the-galaxy-2_275/index.html
The Rest Is Noise: Listening to the Twentieth Century,the rest is noise listening to the twentieth century,Add a comment,e2d47e82c50d41d9,1,34.77,34.77,34.77,0.0,3,True,0,340,https://books.toscrape.com/catalogue/the-rest-is-noise-listening-to-the-twentieth-century_274/index.html
The Red Tent,the red tent,Historical Fiction,3c456328b04a8ee8,5,35.66,35.66,35.66,0.0,3,True,0,209,https://books.toscrape.com/catalogue/the-red-tent_273/index.html
The Purpose Driven Life: What on Earth Am I Here for?,the purpose driven life what on earth am i here for,Add a comment,0e7beedf0ee9380c,3,37.19,37.19,37.19,0.0,3,True,0,196,https://books.toscrape.com/catalogue/the-purpose-driven-life-what-on-earth-am-i-here-for_272/index.html
The Purest Hook (Second Circle Tattoos #3),the purest hook second circle tattoos 3,Romance,969f6c7e86554814,1,12.25,12.25,12.25,0.0,3,True,0,256,https://books.toscrape.com/catalogue/the-purest-hook-second-circle-tattoos-3_271/index.html
The Picture of Dorian Gray,the picture of dorian gray,Classics,b9f6305a3d650e2c,2,29.7,29.7,29.7,0.0,3,True,0,197,https://books.toscrape.com/catalogue/the-picture-of-dorian-gray_270/index.html
The Paris Wife,the paris wife,Default,fa26798728f5208f,3,36.8,36.8,36.8,0.0,3,True,0,327,https://books.toscrape.com/catalogue/the-paris-wife_269/index.html
The Obsession,the obsession,Romance,ee441c8e027caa66,1,45.43,45.43,45.43,0.0,3,True,0,200,https://books.toscrape.com/catalogue/the-obsession_268/index.html
The Nightingale,the nightingale,Fiction,29d6d87f3418638b,4,26.26,26.26,26.26,0.0,3,True,0,366,https://books.toscrape.com/catalogue/the-nightingale_267/index.html
The New Guy (and Other Senior Year Distractions),the new guy and other senior year distractions,Young Adult,3e42ac0f4d43320f,3,44.92,44.92,44.92,0.0,3,True,0,275,https://books.toscrape.com/catalogue/the-new-guy-and-other-senior-year-distractions_266/index.html
The Nanny Diaries (Nanny #1),the nanny diaries nanny 1,Womens Fiction,6263c1d2997b8ce0,5,52.53,52.53,52.53,0.0,3,True,0,272,https://books.toscrape.com/catalogue/the-nanny-diaries-nanny-1_265/index.html
The Name of God is Mercy,the name of god is mercy,Nonfiction,0baf71623648413a,2,37.25,37.25,37.25,0.0,3,True,0,626,https://books.toscrape.com/catalogue/the-name-of-god-is-mercy_264/index.html
The Maze Runner (The Maze Runner #1),the maze runner the maze runner 1,Default,4266f48a0aa1c37d,1,20.93,20.93,20.93,0.0,3,True,0,149,https://books.toscrape.com/catalogue/the-maze-runner-the-maze-runner-1_263/index.html
The Lover's Dictionary,the lover s dictionary,Default,36c15687f5ab0f7c,2,58.09,58.09,58.09,0.0,3,True,0,252,https://books.toscrape.com/catalogue/the-lovers-dictionary_262/index.html
The Lonely Ones,the lonely ones,Childrens,cf2f27fdf94ba20e,5,43.59,43.59,43.59,0.0,3,True,0,299,https://books.toscrape.com/catalogue/the-lonely-ones_261/index.html
The Lean Startup: How Today's Entrepreneurs Use Continuous Innovation to Create Radically Successful Businesses,the lean startup how today s entrepreneurs use continuous innovation to create radically successful businesses,Business,70c7c3ca7f9b2728,3,33.92,33.92,33.92,0.0,3,True,0,294,https://books.toscrape.com/catalogue/the-lean-startup-how-todays-entrepreneurs-use-continuous-innovation-to-create-radically-successful-businesses_260/index.html
The Last Painting of Sara de Vos,the last painting of sara de vos,Historical Fiction,476c7972e9b41891,2,55.55,55.55,55.55,0.0,3,True,0,316,https://books.toscrape.com/catalogue/the-last-painting-of-sara-de-vos_259/index.html
"The Land of 10,000 Madonnas",the land of 10 000 madonnas,Young Adult,35e69a79d2b1e804,4,29.64,29.64,29.64,0.0,3,True,0,179,https://books.toscrape.com/catalogue/the-land-of-10000-madonnas_258/index.html
The Infinities,the infinities,Fiction,554e9e2d532b3a87,1,27.41,27.41,27.41,0.0,3,True,0,281,https://books.toscrape.com/catalogue/the-infinities_257/index.html
The Husband's Secret,the husband s secret,Fiction,ff6bb30dd0c482a6,5,52.51,52.51,52.51,0.0,3,True,0,238,https://books.toscrape.com/catalogue/the-husbands-secret_256/index.html
The Hitchhiker's Guide to the Galaxy (Hitchhiker's Guide to the Galaxy #1),the hitchhiker s guide to the galaxy hitchhiker s guide to the galaxy 1,Add a comment,a8b0ea6490bc818f,3,47.8,47.8,47.8,0.0,3,True,0,215,https://books.toscrape.com/catalogue/the-hitchhikers-guide-to-the-galaxy-hitchhikers-guide-to-the-galaxy-1_255/index.html
The Guns of August,the guns of august,History,b5da59dd177eb36b,2,14.54,14.54,14.54,0.0,3,True,0,151,https://books.toscrape.com/catalogue/the-guns-of-august_254/index.html
The Guernsey Literary and Potato Peel Pie Society,the guernsey literary and potato peel pie society,Historical Fiction,4a0a276409968a73,1,49.53,49.53,49.53,0.0,3,True,0,303,https://books.toscrape.com/catalogue/the-guernsey-literary-and-potato-peel-pie-society_253/index.html
The Goldfinch,the goldfinch,Default,c88422d8959260ab,3,43.58,43.58,43.58,0.0,3,True,0,234,https://books.toscrape.com/catalogue/the-goldfinch_252/index.html
The Giver (The Giver Quartet #1),the giver the giver quartet 1,Default,e2dac1f4739e0bd5,1,12.3,12.3,12.3,0.0,3,True,0,169,https://books.toscrape.com/catalogue/the-giver-the-giver-quartet-1_251/index.html
The Girl with All the Gifts,the girl with all the gifts,Horror,92dcc54a27107a37,3,49.47,49.47,49.47,0.0,3,True,0,173,https://books.toscrape.com/catalogue/the-girl-with-all-the-gifts_250/index.html
The Girl Who Played with Fire (Millennium Trilogy #2),the girl who played with fire millennium trilogy 2,Default,bfa9cb304075d3e8,2,22.14,22.14,22.14,0.0,3,True,0,221,https://books.toscrape.com/catalogue/the-girl-who-played-with-fire-millennium-trilogy-2_249/index.html
The Girl Who Kicked the Hornet's Nest (Millennium Trilogy #3),the girl who kicked the hornet s nest millennium trilogy 3,Add a comment,8f5d16a5a9bd58b2,1,57.48,57.48,57.48,0.0,3,True,0,213,https://books.toscrape.com/catalogue/the-girl-who-kicked-the-hornets-nest-millennium-trilogy-3_248/index.html
The Exiled,the exiled,Mystery,dd003e904727281a,3,43.45,43.45,43.45,0.0,3,True,0,228,https://books.toscrape.com/catalogue/the-exiled_247/index.html
"The End of Faith: Religion, Terror, and the Future of Reason",the end of faith religion terror and the future of reason,Add a comment,b3f2bc2cefb35f05,4,22.13,22.13,22.13,0.0,3,True,0,155,https://books.toscrape.com/catalogue/the-end-of-faith-religion-terror-and-the-future-of-reason_246/index.html
"The Elegant Universe: Superstrings, Hidden Dimensions, and the Quest for the Ultimate Theory",the elegant universe superstrings hidden dimensions and the quest for the ultimate theory,Science,c6bf14cb901c63ac,4,13.03,13.03,13.03,0.0,3,True,0,164,https://books.toscrape.com/catalogue/the-elegant-universe-superstrings-hidden-dimensions-and-the-quest-for-the-ultimate-theory_245/index.html
"The Disappearing Spoon: And Other True Tales of Madness, Love, and the History of the World from the Periodic Table of the Elements",the disappearing spoon and other true tales of madness love and the history of the world from the periodic table of the elements,Science,63c0826ef59eae66,5,57.35,57.35,57.35,0.0,3,True,0,226,https://books.toscrape.com/catalogue/the-disappearing-spoon-and-other-true-tales-of-madness-love-and-the-history-of-the-world-from-the-periodic-table-of-the-elements_244/index.html
The Devil Wears Prada (The Devil Wears Prada #1),the devil wears prada the devil wears prada 1,Womens Fiction,a6ab0cb7106a67f2,1,44.29,44.29,44.29,0.0,3,True,0,365,https://books.toscrape.com/catalogue/the-devil-wears-prada-the-devil-wears-prada-1_243/index.html
The Demon-Haunted World: Science as a Candle in the Dark,the demon haunted world science as a candle in the dark,Default,f51062bf579507d9,4,52.25,52.25,52.25,0.0,3,True,0,196,https://books.toscrape.com/catalogue/the-demon-haunted-world-science-as-a-candle-in-the-dark_242/index.html
The Day the Crayons Came Home (Crayons),the day the crayons came home crayons,Childrens,b22362b434e8ee62,5,26.33,26.33,26.33,0.0,3,True,0,378,https://books.toscrape.com/catalogue/the-day-the-crayons-came-home-crayons_241/index.html
The Da Vinci Code (Robert Langdon #2),the da vinci code robert langdon 2,Fiction,dabf11918b48b40c,2,22.96,22.96,22.96,0.0,3,True,0,233,https://books.toscrape.com/catalogue/the-da-vinci-code-robert-langdon-2_240/index.html
The Cuckoo's Calling (Cormoran Strike #1),the cuckoo s calling cormoran strike 1,Mystery,1be6d3b121865edb,1,19.21,19.21,19.21,0.0,3,True,0,252,https://books.toscrape.com/catalogue/the-cuckoos-calling-cormoran-strike-1_239/index.html
The Complete Stories and Poems (The Works of Edgar Allan Poe [Cameo Edition]),the complete stories and poems the works of edgar allan poe cameo edition,Classics,cad70d6ffd53912f,4,26.78,26.78,26.78,0.0,3,True,0,31,https://books.toscrape.com/catalogue/the-complete-stories-and-poems-the-works-of-edgar-allan-poe-cameo-edition_238/index.html
The Complete Poems,the complete poems,Add a comment,23707d3ddf14a999,5,41.32,41.32,41.32,0.0,3,True,0,189,https://books.toscrape.com/catalogue/the-complete-poems_237/index.html
The Catcher in the Rye,the catcher in the rye,Add a comment,487449f4f6322f0f,1,24.55,24.55,24.55,0.0,3,True,0,243,https://books.toscrape.com/catalogue/the-catcher-in-the-rye_236/index.html
The Cat in the Hat (Beginner Books B-1),the cat in the hat beginner books b 1,Childrens,b7f475238ed50429,2,16.26,16.26,16.26,0.0,3,True,0,208,https://books.toscrape.com/catalogue/the-cat-in-the-hat-beginner-books-b-1_235/index.html
The Case for Christ (Cases for Christianity),the case for christ cases for christianity,Add a comment,970bd3316219e7dc,1,47.84,47.84,47.84,0.0,3,True,0,41,https://books.toscrape.com/catalogue/the-case-for-christ-cases-for-christianity_234/index.html
The Book Thief,the book thief,Default,a75e274c8814b539,2,53.49,53.49,53.49,0.0,3,True,0,189,https://books.toscrape.com/catalogue/the-book-thief_233/index.html
The Book of Basketball: The NBA According to The Sports Guy,the book of basketball the nba according to the sports guy,Sports and Games,08decd9664e5d56e,5,44.84,44.84,44.84,0.0,3,True,0,312,https://books.toscrape.com/catalogue/the-book-of-basketball-the-nba-according-to-the-sports-guy_232/index.html
The Blind Side: Evolution of a Game,the blind side evolution of a game,Add a comment,cd3dcd83bb002e78,5,53.71,53.71,53.71,0.0,3,True,0,169,https://books.toscrape.com/catalogue/the-blind-side-evolution-of-a-game_231/index.html
The Autobiography of Malcolm X,the autobiography of malcolm x,Default,b04a6a0db525857d,2,23.43,23.43,23.43,0.0,3,True,0,179,https://books.toscrape.com/catalogue/the-autobiography-of-malcolm-x_230/index.html
"The Art of Simple Food: Notes, Lessons, and Recipes from a Delicious Revolution",the art of simple food notes lessons and recipes from a delicious revolution,Food and Drink,311634df10651e05,3,34.32,34.32,34.32,0.0,3,True,0,230,https://books.toscrape.com/catalogue/the-art-of-simple-food-notes-lessons-and-recipes-from-a-delicious-revolution_229/index.html
The Art of Fielding,the art of fielding,Fiction,2858ac90c4758e1f,1,22.1,22.1,22.1,0.0,3,True,0,247,https://books.toscrape.com/catalogue/the-art-of-fielding_228/index.html
"Surely You're Joking, Mr. Feynman!: Adventures of a Curious Character",surely you re joking mr feynman adventures of a curious character,Science,61002f3b7ba5d780,2,25.83,25.83,25.83,0.0,3,True,0,146,https://books.toscrape.com/catalogue/surely-youre-joking-mr-feynman-adventures-of-a-curious-character_227/index.html
Stiff: The Curious Lives of Human Cadavers,stiff the curious lives of human cadavers,Nonfiction,a11ae5f07572ef49,3,36.74,36.74,36.74,0.0,3,True,0,119,https://books.toscrape.com/catalogue/stiff-the-curious-lives-of-human-cadavers_226/index.html
Spilled Milk: Based on a True Story,spilled milk based on a true story,Nonfiction,f08667e4c0458f37,1,49.51,49.51,49.51,0.0,3,True,0,186,https://books.toscrape.com/catalogue/spilled-milk-based-on-a-true-story_225/index.html
Something Borrowed (Darcy & Rachel #1),something borrowed darcy rachel 1,Womens Fiction,ac27ab4bcd9c492e,5,48.96,48.96,48.96,0.0,3,True,0,204,https://books.toscrape.com/catalogue/something-borrowed-darcy-rachel-1_224/index.html
Something Blue (Darcy & Rachel #2),something blue darcy rachel 2,Womens Fiction,3fc9d51d1c4d6ba7,1,54.62,54.62,54.62,0.0,3,True,0,171,https://books.toscrape.com/catalogue/something-blue-darcy-rachel-2_223/index.html
Soldier (Talon #3),soldier talon 3,Fantasy,feaaae90514eb2ac,2,24.72,24.72,24.72,0.0,3,True,0,196,https://books.toscrape.com/catalogue/soldier-talon-3_222/index.html
Shopaholic & Baby (Shopaholic #5),shopaholic baby shopaholic 5,Default,c57d3c96af23c297,2,46.45,46.45,46.45,0.0,3,True,0,143,https://books.toscrape.com/catalogue/shopaholic-baby-shopaholic-5_221/index.html
Seven Days in the Art World,seven days in the art world,Add a comment,07806456878931bc,2,52.33,52.33,52.33,0.0,3,True,0,237,https://books.toscrape.com/catalogue/seven-days-in-the-art-world_220/index.html
Seven Brief Lessons on Physics,seven brief lessons on physics,Science,281a244ce1954711,4,30.6,30.6,30.6,0.0,3,True,0,207,https://books.toscrape.com/catalogue/seven-brief-lessons-on-physics_219/index.html
Scarlet (The Lunar Chronicles #2),scarlet the lunar chronicles 2,Young Adult,510832818edb6fbc,4,14.57,14.57,14.57,0.0,3,True,0,203,https://books.toscrape.com/catalogue/scarlet-the-lunar-chronicles-2_218/index.html
Sarah's Key,sarah s key,Add a comment,5b2cd5b31a510848,1,46.29,46.29,46.29,0.0,3,True,0,200,https://books.toscrape.com/catalogue/sarahs-key_217/index.html
"Saga, Volume 3 (Saga (Collected Editions) #3)",saga volume 3 saga collected editions 3,Sequential Art,7b870bf85d01c2dc,5,21.57,21.57,21.57,0.0,3,True,0,138,https://books.toscrape.com/catalogue/saga-volume-3-saga-collected-editions-3_216/index.html
Running with Scissors,running with scissors,Autobiography,28921443f052bea6,4,12.91,12.91,12.91,0.0,3,True,0,204,https://books.toscrape.com/catalogue/running-with-scissors_215/index.html
Rogue Lawyer (Rogue Lawyer #1),rogue lawyer rogue lawyer 1,Add a comment,b4f5672f68ec3a83,3,50.11,50.11,50.11,0.0,3,True,0,301,https://books.toscrape.com/catalogue/rogue-lawyer-rogue-lawyer-1_214/index.html
"Rise of the Rocket Girls: The Women Who Propelled Us, from Missiles to the Moon to Mars",rise of the rocket girls the women who propelled us from missiles to the moon to mars,Nonfiction,89cad3f37c9ce226,4,41.67,41.67,41.67,0.0,3,True,0,201,https://books.toscrape.com/catalogue/rise-of-the-rocket-girls-the-women-who-propelled-us-from-missiles-to-the-moon-to-mars_213/index.html
Rework,rework,Business,8e9dd8431170c09e,2,44.88,44.88,44.88,0.0,3,True,0,275,https://books.toscrape.com/catalogue/rework_212/index.html
Reservations for Two,reservations for two,Romance,ecdf73ee66c33b17,3,11.1,11.1,11.1,0.0,3,True,0,222,https://books.toscrape.com/catalogue/reservations-for-two_211/index.html
Red: The True Story of Red Riding Hood,red the true story of red riding hood,Childrens,4c8ece50736f9e88,3,28.54,28.54,28.54,0.0,3,True,0,249,https://books.toscrape.com/catalogue/red-the-true-story-of-red-riding-hood_210/index.html
Ready Player One,ready player one,Science Fiction,2ef5dc7e278e562a,4,19.07,19.07,19.07,0.0,3,True,0,183,https://books.toscrape.com/catalogue/ready-player-one_209/index.html
Quiet: The Power of Introverts in a World That Can't Stop Talking,quiet the power of introverts in a world that can t stop talking,Default,3c565df219ba3274,1,43.55,43.55,43.55,0.0,3,True,0,346,https://books.toscrape.com/catalogue/quiet-the-power-of-introverts-in-a-world-that-cant-stop-talking_208/index.html
Prodigy: The Graphic Novel (Legend: The Graphic Novel #2),prodigy the graphic novel legend the graphic novel 2,Sequential Art,9707989a439757b4,3,43.63,43.63,43.63,0.0,3,True,0,218,https://books.toscrape.com/catalogue/prodigy-the-graphic-novel-legend-the-graphic-novel-2_207/index.html
Persepolis: The Story of a Childhood (Persepolis #1-2),persepolis the story of a childhood persepolis 1 2,Sequential Art,cb62418129b864a3,1,39.13,39.13,39.13,0.0,3,True,0,287,https://books.toscrape.com/catalogue/persepolis-the-story-of-a-childhood-persepolis-1-2_206/index.html
Packing for Mars: The Curious Science of Life in the Void,packing for mars the curious science of life in the void,Default,8e2dfd6bcf48e1e6,2,56.68,56.68,56.68,0.0,3,True,0,248,https://books.toscrape.com/catalogue/packing-for-mars-the-curious-science-of-life-in-the-void_205/index.html
Outliers: The Story of Success,outliers the story of success,Nonfiction,09a7b0b566ad6225,1,14.16,14.16,14.16,0.0,3,True,0,171,https://books.toscrape.com/catalogue/outliers-the-story-of-success_204/index.html
Original Fake,original fake,Sequential Art,c59283b05905c853,3,31.45,31.45,31.45,0.0,3,True,0,235,https://books.toscrape.com/catalogue/original-fake_203/index.html
Orange Is the New Black,orange is the new black,Default,8378c899988905ee,2,24.61,24.61,24.61,0.0,3,True,0,223,https://books.toscrape.com/catalogue/orange-is-the-new-black_202/index.html
One for the Money (Stephanie Plum #1),one for the money stephanie plum 1,Default,3250650a5c4e6f07,2,32.87,32.87,32.87,0.0,3,True,0,54,https://books.toscrape.com/catalogue/one-for-the-money-stephanie-plum-1_201/index.html
Notes from a Small Island (Notes From a Small Island #1),notes from a small island notes from a small island 1,Nonfiction,cb65e49993db9a93,1,40.17,40.17,40.17,0.0,3,True,0,236,https://books.toscrape.com/catalogue/notes-from-a-small-island-notes-from-a-small-island-1_200/index.html
Night (The Night Trilogy #1),night the night trilogy 1,Nonfiction,c4d9fce9eff3b8ba,1,13.51,13.51,13.51,0.0,3,True,0,190,https://books.toscrape.com/catalogue/night-the-night-trilogy-1_199/index.html
Neither Here nor There: Travels in Europe,neither here nor there travels in europe,Travel,747cf7fca2ccdbd4,3,38.95,38.95,38.95,0.0,3,True,0,210,https://books.toscrape.com/catalogue/neither-here-nor-there-travels-in-europe_198/index.html
Naked,naked,Humor,54aeeb4610d3ae08,3,31.69,31.69,31.69,0.0,3,True,0,162,https://books.toscrape.com/catalogue/naked_197/index.html
Morning Star (Red Rising #3),morning star red rising 3,Default,7ce5a92baabb6bc0,1,29.4,29.4,29.4,0.0,3,True,0,202,https://books.toscrape.com/catalogue/morning-star-red-rising-3_196/index.html
"Miracles from Heaven: A Little Girl, Her Journey to Heaven, and Her Amazing Story of Healing",miracles from heaven a little girl her journey to heaven and her amazing story of healing,Nonfiction,7980fa06f2b704d8,1,57.83,57.83,57.83,0.0,3,True,0,225,https://books.toscrape.com/catalogue/miracles-from-heaven-a-little-girl-her-journey-to-heaven-and-her-amazing-story-of-healing_195/index.html
Midnight Riot (Peter Grant/ Rivers of London - books #1),midnight riot peter grant rivers of london books 1,Fantasy,e9056f9b5a40a301,2,55.46,55.46,55.46,0.0,3,True,0,192,https://books.toscrape.com/catalogue/midnight-riot-peter-grant-rivers-of-london-books-1_194/index.html
Me Talk Pretty One Day,me talk pretty one day,Autobiography,abc4a7ee16c21088,2,57.6,57.6,57.6,0.0,3,True,0,156,https://books.toscrape.com/catalogue/me-talk-pretty-one-day_193/index.html
Manuscript Found in Accra,manuscript found in accra,Add a comment,546da23278482b0a,2,34.98,34.98,34.98,0.0,3,True,0,434,https://books.toscrape.com/catalogue/manuscript-found-in-accra_192/index.html
Lust & Wonder,lust wonder,Autobiography,0dcadb06206abd3c,2,11.87,11.87,11.87,0.0,3,True,0,158,https://books.toscrape.com/catalogue/lust-wonder_191/index.html
Lila (Gilead #3),lila gilead 3,Fiction,4ef75307fb64e2ad,3,12.47,12.47,12.47,0.0,3,True,0,294,https://books.toscrape.com/catalogue/lila-gilead-3_190/index.html
"Life, the Universe and Everything (Hitchhiker's Guide to the Galaxy #3)",life the universe and everything hitchhiker s guide to the galaxy 3,Science Fiction,4b3f4f151c99f472,2,33.26,33.26,33.26,0.0,3,True,0,226,https://books.toscrape.com/catalogue/life-the-universe-and-everything-hitchhikers-guide-to-the-galaxy-3_189/index.html
Life Without a Recipe,life without a recipe,Autobiography,c53d9fefcda371e9,5,59.04,59.04,59.04,0.0,3,True,0,311,https://books.toscrape.com/catalogue/life-without-a-recipe_188/index.html
Life After Life,life after life,Default,4ec53ff7e2263f32,2,26.13,26.13,26.13,0.0,3,True,0,203,https://books.toscrape.com/catalogue/life-after-life_187/index.html
Letter to a Christian Nation,letter to a christian nation,Nonfiction,1de75f05d57bfc10,1,22.2,22.2,22.2,0.0,3,True,0,155,https://books.toscrape.com/catalogue/letter-to-a-christian-nation_186/index.html
Let's Pretend This Never Happened: A Mostly True Memoir,let s pretend this never happened a mostly true memoir,Nonfiction,1246e4ffeb5ac4ea,1,45.11,45.11,45.11,0.0,3,True,0,194,https://books.toscrape.com/catalogue/lets-pretend-this-never-happened-a-mostly-true-memoir_185/index.html
Legend (Legend #1),legend legend 1,Young Adult,0ce8075fab4a2b5b,4,43.69,43.69,43.69,0.0,3,True,0,224,https://books.toscrape.com/catalogue/legend-legend-1_184/index.html
"Lean In: Women, Work, and the Will to Lead",lean in women work and the will to lead,Default,d5e1a9bfe22bbf9f,1,25.02,25.02,25.02,0.0,3,True,0,273,https://books.toscrape.com/catalogue/lean-in-women-work-and-the-will-to-lead_183/index.html
"Lamb: The Gospel According to Biff, Christ's Childhood Pal",lamb the gospel according to biff christ s childhood pal,Humor,190fbebbf798c31a,5,55.5,55.5,55.5,0.0,3,True,0,209,https://books.toscrape.com/catalogue/lamb-the-gospel-according-to-biff-christs-childhood-pal_182/index.html
Lady Renegades (Rebel Belle #3),lady renegades rebel belle 3,Young Adult,16e843e6b853cc2f,5,53.04,53.04,53.04,0.0,3,True,0,168,https://books.toscrape.com/catalogue/lady-renegades-rebel-belle-3_181/index.html
Jurassic Park (Jurassic Park #1),jurassic park jurassic park 1,Fiction,a0dd11f6abc421ec,1,44.97,44.97,44.97,0.0,3,True,0,150,https://books.toscrape.com/catalogue/jurassic-park-jurassic-park-1_180/index.html
It's Never Too Late to Begin Again: Discovering Creativity and Meaning at Midlife and Beyond,it s never too late to begin again discovering creativity and meaning at midlife and beyond,Nonfiction,d4a29356fc992879,1,42.38,42.38,42.38,0.0,3,True,0,373,https://books.toscrape.com/catalogue/its-never-too-late-to-begin-again-discovering-creativity-and-meaning-at-midlife-and-beyond_179/index.html
Is Everyone Hanging Out Without Me? (And Other Concerns),is everyone hanging out without me and other concerns,Default,034829ffdd0a0aea,3,20.11,20.11,20.11,0.0,3,True,0,289,https://books.toscrape.com/catalogue/is-everyone-hanging-out-without-me-and-other-concerns_178/index.html
Into the Wild,into the wild,Nonfiction,a7c3f1010d64799a,5,56.7,56.7,56.7,0.0,3,True,0,256,https://books.toscrape.com/catalogue/into-the-wild_177/index.html
Inferno (Robert Langdon #4),inferno robert langdon 4,Fiction,6c4646d90b60a56c,5,41.0,41.0,41.0,0.0,3,True,0,186,https://books.toscrape.com/catalogue/inferno-robert-langdon-4_176/index.html
"In the Garden of Beasts: Love, Terror, and an American Family in Hitler's Berlin",in the garden of beasts love terror and an american family in hitler s berlin,Nonfiction,d8292cd5f1aca291,3,28.85,28.85,28.85,0.0,3,True,0,328,https://books.toscrape.com/catalogue/in-the-garden-of-beasts-love-terror-and-an-american-family-in-hitlers-berlin_175/index.html
If I Run (If I Run #1),if i run if i run 1,Christian Fiction,61569d12d4ae7161,4,49.97,49.97,49.97,0.0,3,True,0,244,https://books.toscrape.com/catalogue/if-i-run-if-i-run-1_174/index.html
I've Got Your Number,i ve got your number,Womens Fiction,6b32b561dab8036c,1,19.69,19.69,19.69,0.0,3,True,0,298,https://books.toscrape.com/catalogue/ive-got-your-number_173/index.html
I Am Malala: The Girl Who Stood Up for Education and Was Shot by the Taliban,i am malala the girl who stood up for education and was shot by the taliban,Nonfiction,8010c7c148057fd3,2,28.88,28.88,28.88,0.0,3,True,0,273,https://books.toscrape.com/catalogue/i-am-malala-the-girl-who-stood-up-for-education-and-was-shot-by-the-taliban_172/index.html
Hungry Girl Clean & Hungry: Easy All-Natural Recipes for Healthy Eating in the Real World,hungry girl clean hungry easy all natural recipes for healthy eating in the real world,Food and Drink,6c4d17a46cac8787,3,33.14,33.14,33.14,0.0,3,True,0,205,https://books.toscrape.com/catalogue/hungry-girl-clean-hungry-easy-all-natural-recipes-for-healthy-eating-in-the-real-world_171/index.html
"House of Lost Worlds: Dinosaurs, Dynasties, and the Story of Life on Earth",house of lost worlds dinosaurs dynasties and the story of life on earth,History,1812b8f5641287e3,2,43.7,43.7,43.7,0.0,3,True,0,243,https://books.toscrape.com/catalogue/house-of-lost-worlds-dinosaurs-dynasties-and-the-story-of-life-on-earth_170/index.html
House of Leaves,house of leaves,Horror,557c03c284be1bf2,1,54.89,54.89,54.89,0.0,3,True,0,297,https://books.toscrape.com/catalogue/house-of-leaves_169/index.html
Horrible Bear!,horrible bear,Childrens,cc1ac978a6835ef6,2,37.52,37.52,37.52,0.0,3,True,0,152,https://books.toscrape.com/catalogue/horrible-bear_168/index.html
Holidays on Ice,holidays on ice,Humor,0cb4856be3694a57,2,51.07,51.07,51.07,0.0,3,True,0,29,https://books.toscrape.com/catalogue/holidays-on-ice_167/index.html
Heir to the Sky,heir to the sky,Fantasy,b003f8bb02f76dc5,4,44.07,44.07,44.07,0.0,3,True,0,245,https://books.toscrape.com/catalogue/heir-to-the-sky_166/index.html
Green Eggs and Ham (Beginner Books B-16),green eggs and ham beginner books b 16,Childrens,621e2c310cec8d32,4,10.79,10.79,10.79,0.0,3,True,0,203,https://books.toscrape.com/catalogue/green-eggs-and-ham-beginner-books-b-16_165/index.html
"Grayson, Vol 3: Nemesis (Grayson #3)",grayson vol 3 nemesis grayson 3,Sequential Art,4f6985aca357ae09,1,42.72,42.72,42.72,0.0,3,True,0,144,https://books.toscrape.com/catalogue/grayson-vol-3-nemesis-grayson-3_164/index.html
Gratitude,gratitude,Nonfiction,c300cc9326592b65,5,26.66,26.66,26.66,0.0,3,True,0,188,https://books.toscrape.com/catalogue/gratitude_163/index.html
Gone Girl,gone girl,Default,d5c588b6f9c015e4,5,37.6,37.6,37.6,0.0,3,True,0,169,https://books.toscrape.com/catalogue/gone-girl_162/index.html
Golden (Heart of Dread #3),golden heart of dread 3,Young Adult,984b3b6e7479b571,4,42.21,42.21,42.21,0.0,3,True,0,191,https://books.toscrape.com/catalogue/golden-heart-of-dread-3_161/index.html
Girl in the Blue Coat,girl in the blue coat,Historical Fiction,41fc5dce044f16f5,2,46.83,46.83,46.83,0.0,3,True,0,237,https://books.toscrape.com/catalogue/girl-in-the-blue-coat_160/index.html
"Fruits Basket, Vol. 3 (Fruits Basket #3)",fruits basket vol 3 fruits basket 3,Sequential Art,d5f5a122a593b580,2,45.17,45.17,45.17,0.0,3,True,0,142,https://books.toscrape.com/catalogue/fruits-basket-vol-3-fruits-basket-3_159/index.html
"Friday Night Lights: A Town, a Team, and a Dream",friday night lights a town a team and a dream,Sports and Games,a9aa3ed5b316470b,3,51.22,51.22,51.22,0.0,3,True,0,228,https://books.toscrape.com/catalogue/friday-night-lights-a-town-a-team-and-a-dream_158/index.html
Fire Bound (Sea Haven/Sisters of the Heart #5),fire bound sea haven sisters of the heart 5,Add a comment,2ed3a794a70aa85f,4,21.28,21.28,21.28,0.0,3,True,0,242,https://books.toscrape.com/catalogue/fire-bound-sea-havensisters-of-the-heart-5_157/index.html
Fifty Shades Freed (Fifty Shades #3),fifty shades freed fifty shades 3,Adult Fiction,ed813a848580ba50,5,15.36,15.36,15.36,0.0,3,True,0,205,https://books.toscrape.com/catalogue/fifty-shades-freed-fifty-shades-3_156/index.html
Fellside,fellside,Default,147019cae600694e,1,38.62,38.62,38.62,0.0,3,True,0,149,https://books.toscrape.com/catalogue/fellside_155/index.html
Extreme Prey (Lucas Davenport #26),extreme prey lucas davenport 26,Mystery,588ba85ff11a3263,3,25.4,25.4,25.4,0.0,3,True,0,156,https://books.toscrape.com/catalogue/extreme-prey-lucas-davenport-26_154/index.html
Eragon (The Inheritance Cycle #1),eragon the inheritance cycle 1,Fantasy,b843f52a986a2914,3,43.87,43.87,43.87,0.0,3,True,0,209,https://books.toscrape.com/catalogue/eragon-the-inheritance-cycle-1_153/index.html
Eclipse (Twilight #3),eclipse twilight 3,Default,73f71f9556442117,1,18.74,18.74,18.74,0.0,3,True,0,253,https://books.toscrape.com/catalogue/eclipse-twilight-3_152/index.html
Dune (Dune #1),dune dune 1,Science Fiction,36d5884d44484277,1,54.86,54.86,54.86,0.0,3,True,0,196,https://books.toscrape.com/catalogue/dune-dune-1_151/index.html
Dracula,dracula,Default,a7ec599c1a547746,3,52.62,52.62,52.62,0.0,3,True,0,193,https://books.toscrape.com/catalogue/dracula_150/index.html
Do Androids Dream of Electric Sheep? (Blade Runner #1),do androids dream of electric sheep blade runner 1,Science Fiction,98330e431e56a9ea,1,51.48,51.48,51.48,0.0,3,True,0,171,https://books.toscrape.com/catalogue/do-androids-dream-of-electric-sheep-blade-runner-1_149/index.html
Disrupted: My Misadventure in the Start-Up Bubble,disrupted my misadventure in the start up bubble,Nonfiction,81372abc86f65c79,5,15.28,15.28,15.28,0.0,3,True,0,435,https://books.toscrape.com/catalogue/disrupted-my-misadventure-in-the-start-up-bubble_148/index.html
Dead Wake: The Last Crossing of the Lusitania,dead wake the last crossing of the lusitania,Default,04d858cdeeee0da4,5,39.24,39.24,39.24,0.0,3,True,0,381,https://books.toscrape.com/catalogue/dead-wake-the-last-crossing-of-the-lusitania_147/index.html
"David and Goliath: Underdogs, Misfits, and the Art of Battling Giants",david and goliath underdogs misfits and the art of battling giants,Default,d234ddecef49ef4e,1,17.81,17.81,17.81,0.0,3,True,0,169,https://books.toscrape.com/catalogue/david-and-goliath-underdogs-misfits-and-the-art-of-battling-giants_146/index.html
Darkfever (Fever #1),darkfever fever 1,Fantasy,468bd274ac084bb9,1,56.02,56.02,56.02,0.0,3,True,0,165,https://books.toscrape.com/catalogue/darkfever-fever-1_145/index.html
Dark Places,dark places,Default,66937c669c4da072,5,23.9,23.9,23.9,0.0,3,True,0,186,https://books.toscrape.com/catalogue/dark-places_144/index.html
Crazy Rich Asians (Crazy Rich Asians #1),crazy rich asians crazy rich asians 1,Fiction,c9782ad2a0ed9331,5,49.13,49.13,49.13,0.0,3,True,0,296,https://books.toscrape.com/catalogue/crazy-rich-asians-crazy-rich-asians-1_143/index.html
Counting Thyme,counting thyme,Childrens,157f693d9e600ccc,1,10.62,10.62,10.62,0.0,3,True,0,257,https://books.toscrape.com/catalogue/counting-thyme_142/index.html
Cosmos,cosmos,Add a comment,dbe33cf29ef1623d,2,36.17,36.17,36.17,0.0,3,True,0,203,https://books.toscrape.com/catalogue/cosmos_141/index.html
Civilization and Its Discontents,civilization and its discontents,Psychology,396385e3de5d18c3,2,59.95,59.95,59.95,0.0,3,True,0,310,https://books.toscrape.com/catalogue/civilization-and-its-discontents_140/index.html
Cinder (The Lunar Chronicles #1),cinder the lunar chronicles 1,Young Adult,7e9579921e5407cb,1,26.09,26.09,26.09,0.0,3,True,0,173,https://books.toscrape.com/catalogue/cinder-the-lunar-chronicles-1_139/index.html
Catastrophic Happiness: Finding Joy in Childhood's Messy Years,catastrophic happiness finding joy in childhood s messy years,Parenting,ef49db2aaa9bb547,2,37.35,37.35,37.35,0.0,3,True,0,211,https://books.toscrape.com/catalogue/catastrophic-happiness-finding-joy-in-childhoods-messy-years_138/index.html
Career of Evil (Cormoran Strike #3),career of evil cormoran strike 3,Mystery,b461cf238506c5b8,2,24.72,24.72,24.72,0.0,3,True,0,232,https://books.toscrape.com/catalogue/career-of-evil-cormoran-strike-3_137/index.html
Breaking Dawn (Twilight #4),breaking dawn twilight 4,Default,bbfc4a3b7b6c94a0,5,35.28,35.28,35.28,0.0,3,True,0,274,https://books.toscrape.com/catalogue/breaking-dawn-twilight-4_136/index.html
Brave Enough,brave enough,Nonfiction,fd2337c1b73b686e,5,51.32,51.32,51.32,0.0,3,True,0,258,https://books.toscrape.com/catalogue/brave-enough_135/index.html
Boy Meets Boy,boy meets boy,Young Adult,8e0bc2fe4e7d35b5,3,21.12,21.12,21.12,0.0,3,True,0,233,https://books.toscrape.com/catalogue/boy-meets-boy_134/index.html
"Born to Run: A Hidden Tribe, Superathletes, and the Greatest Race the World Has Never Seen",born to run a hidden tribe superathletes and the greatest race the world has never seen,Nonfiction,e256de8aa0c2115f,2,27.35,27.35,27.35,0.0,3,True,0,377,https://books.toscrape.com/catalogue/born-to-run-a-hidden-tribe-superathletes-and-the-greatest-race-the-world-has-never-seen_133/index.html
Blink: The Power of Thinking Without Thinking,blink the power of thinking without thinking,Nonfiction,0bbc48294707ba96,5,21.74,21.74,21.74,0.0,3,True,0,389,https://books.toscrape.com/catalogue/blink-the-power-of-thinking-without-thinking_132/index.html
Black Flags: The Rise of ISIS,black flags the rise of isis,Nonfiction,860318b8e244f39c,1,40.87,40.87,40.87,0.0,3,True,0,349,https://books.toscrape.com/catalogue/black-flags-the-rise-of-isis_131/index.html
"Black Butler, Vol. 1 (Black Butler #1)",black butler vol 1 black butler 1,Sequential Art,15f415d436888b2d,1,49.31,49.31,49.31,0.0,3,True,0,65,https://books.toscrape.com/catalogue/black-butler-vol-1-black-butler-1_130/index.html
Big Little Lies,big little lies,Fiction,d3f9c4539c0caa64,1,22.11,22.11,22.11,0.0,3,True,0,302,https://books.toscrape.com/catalogue/big-little-lies_129/index.html
Between Shades of Gray,between shades of gray,Historical Fiction,155e42df837ee5ff,5,20.79,20.79,20.79,0.0,3,True,0,237,https://books.toscrape.com/catalogue/between-shades-of-gray_128/index.html
Best of My Love (Fool's Gold #20),best of my love fool s gold 20,Romance,67dea6c75d6a1075,2,27.41,27.41,27.41,0.0,3,True,0,252,https://books.toscrape.com/catalogue/best-of-my-love-fools-gold-20_127/index.html
Beowulf,beowulf,Classics,3fb69f34e178d494,2,38.35,38.35,38.35,0.0,3,True,0,197,https://books.toscrape.com/catalogue/beowulf_126/index.html
Beautiful Creatures (Caster Chronicles #1),beautiful creatures caster chronicles 1,Default,5439bae708bca198,5,21.55,21.55,21.55,0.0,3,True,0,175,https://books.toscrape.com/catalogue/beautiful-creatures-caster-chronicles-1_125/index.html
Awkward,awkward,Sequential Art,1d89a2aa9f6ce50f,2,38.02,38.02,38.02,0.0,3,True,0,217,https://books.toscrape.com/catalogue/awkward_124/index.html
Ash,ash,Fantasy,5d22e2a46604b6e7,4,22.06,22.06,22.06,0.0,3,True,0,237,https://books.toscrape.com/catalogue/ash_123/index.html
Are We There Yet?,are we there yet,Childrens,ef9c4f2465513956,3,10.66,10.66,10.66,0.0,3,True,0,195,https://books.toscrape.com/catalogue/are-we-there-yet_122/index.html
Are We Smart Enough to Know How Smart Animals Are?,are we smart enough to know how smart animals are,Nonfiction,da0349a87c8caa2f,1,56.58,56.58,56.58,0.0,3,True,0,349,https://books.toscrape.com/catalogue/are-we-smart-enough-to-know-how-smart-animals-are_121/index.html
Annie on My Mind,annie on my mind,Young Adult,7bf87402413c27ff,5,36.83,36.83,36.83,0.0,3,True,0,179,https://books.toscrape.com/catalogue/annie-on-my-mind_120/index.html
And Then There Were None,and then there were none,Classics,cfe350b20d23b02b,2,35.01,35.01,35.01,0.0,3,True,0,162,https://books.toscrape.com/catalogue/and-then-there-were-none_119/index.html
A Walk in the Woods: Rediscovering America on the Appalachian Trail,a walk in the woods rediscovering america on the appalachian trail,Nonfiction,bcee4f289ff6699c,4,30.48,30.48,30.48,0.0,3,True,0,171,https://books.toscrape.com/catalogue/a-walk-in-the-woods-rediscovering-america-on-the-appalachian-trail_118/index.html
A Visit from the Goon Squad,a visit from the goon squad,Default,5dbd6ec4e154ad2f,5,14.08,14.08,14.08,0.0,3,True,0,125,https://books.toscrape.com/catalogue/a-visit-from-the-goon-squad_117/index.html
A Storm of Swords (A Song of Ice and Fire #3),a storm of swords a song of ice and fire 3,Fantasy,87beabf664115d79,2,31.22,31.22,31.22,0.0,3,True,0,266,https://books.toscrape.com/catalogue/a-storm-of-swords-a-song-of-ice-and-fire-3_116/index.html
A Heartbreaking Work of Staggering Genius,a heartbreaking work of staggering genius,Autobiography,c9770bb1d5a492a0,5,54.29,54.29,54.29,0.0,3,True,0,523,https://books.toscrape.com/catalogue/a-heartbreaking-work-of-staggering-genius_115/index.html
8 Keys to Mental Health Through Exercise,8 keys to mental health through exercise,Psychology,f5873c8fc7760000,1,31.04,31.04,31.04,0.0,3,True,0,201,https://books.toscrape.com/catalogue/8-keys-to-mental-health-through-exercise_114/index.html
#GIRLBOSS,girlboss,Add a comment,165affa7adb5eded,1,50.96,50.96,50.96,0.0,3,True,0,240,https://books.toscrape.com/catalogue/girlboss_113/index.html
"The Suffragettes (Little Black Classics, #96)",the suffragettes little black classics 96,Nonfiction,d2185b65af52d68c,2,11.89,11.89,11.89,0.0,2,True,0,155,https://books.toscrape.com/catalogue/the-suffragettes-little-black-classics-96_112/index.html
The Sense of an Ending,the sense of an ending,Add a comment,4130678275eb7c8c,3,31.38,31.38,31.38,0.0,2,True,0,161,https://books.toscrape.com/catalogue/the-sense-of-an-ending_111/index.html
"The Sandman, Vol. 2: The Doll's House (The Sandman (volumes) #2)",the sandman vol 2 the doll s house the sandman volumes 2,Sequential Art,276dc716b1da8899,1,54.81,54.81,54.81,0.0,2,True,0,195,https://books.toscrape.com/catalogue/the-sandman-vol-2-the-dolls-house-the-sandman-volumes-2_110/index.html
The Course of Love,the course of love,Fiction,f3c76b53b239f511,3,16.78,16.78,16.78,0.0,2,True,0,292,https://books.toscrape.com/catalogue/the-course-of-love_109/index.html
Sugar Rush (Offensive Line #2),sugar rush offensive line 2,Sports and Games,ce42e3de94226b2b,1,24.42,24.42,24.42,0.0,2,True,0,275,https://books.toscrape.com/catalogue/sugar-rush-offensive-line-2_108/index.html
"Saga, Volume 2 (Saga (Collected Editions) #2)",saga volume 2 saga collected editions 2,Sequential Art,9189fd009df41d0e,3,11.75,11.75,11.75,0.0,2,True,0,138,https://books.toscrape.com/catalogue/saga-volume-2-saga-collected-editions-2_107/index.html
"Run, Spot, Run: The Ethics of Keeping Pets",run spot run the ethics of keeping pets,Philosophy,b0e479be03911916,1,20.02,20.02,20.02,0.0,2,True,0,336,https://books.toscrape.com/catalogue/run-spot-run-the-ethics-of-keeping-pets_106/index.html
New Moon (Twilight #2),new moon twilight 2,Young Adult,6fa3ea52c8e31e06,4,12.86,12.86,12.86,0.0,2,True,0,175,https://books.toscrape.com/catalogue/new-moon-twilight-2_105/index.html
Life,life,Music,637e5a45062aa548,5,31.58,31.58,31.58,0.0,2,True,0,46,https://books.toscrape.com/catalogue/life_104/index.html
Kindle Paperwhite User's Guide,kindle paperwhite user s guide,Nonfiction,fb495f9f9015a772,3,34.0,34.0,34.0,0.0,2,True,0,4,https://books.toscrape.com/catalogue/kindle-paperwhite-users-guide_103/index.html
H is for Hawk,h is for hawk,Nonfiction,b6d3f4f4ee1f6069,5,57.42,57.42,57.42,0.0,2,True,0,227,https://books.toscrape.com/catalogue/h-is-for-hawk_102/index.html
Girl Online On Tour (Girl Online #2),girl online on tour girl online 2,Young Adult,97b8f130d32e9f4e,1,53.47,53.47,53.47,0.0,2,True,0,156,https://books.toscrape.com/catalogue/girl-online-on-tour-girl-online-2_101/index.html
"Fruits Basket, Vol. 2 (Fruits Basket #2)",fruits basket vol 2 fruits basket 2,Sequential Art,c0db71f6bb14db11,5,11.64,11.64,11.64,0.0,2,True,0,147,https://books.toscrape.com/catalogue/fruits-basket-vol-2-fruits-basket-2_100/index.html
Diary of a Minecraft Zombie Book 1: A Scare of a Dare (An Unofficial Minecraft Book),diary of a minecraft zombie book 1 a scare of a dare an unofficial minecraft book,Childrens,d7b463918d3b8c39,4,52.88,52.88,52.88,0.0,2,True,0,198,https://books.toscrape.com/catalogue/diary-of-a-minecraft-zombie-book-1-a-scare-of-a-dare-an-unofficial-minecraft-book_99/index.html
"Y: The Last Man, Vol. 1: Unmanned (Y: The Last Man #1)",y the last man vol 1 unmanned y the last man 1,Sequential Art,09d26b5f819c6a36,4,18.51,18.51,18.51,0.0,1,True,0,172,https://books.toscrape.com/catalogue/y-the-last-man-vol-1-unmanned-y-the-last-man-1_98/index.html
While You Were Mine,while you were mine,Historical Fiction,8ceb5c6aed2c5f8b,5,41.32,41.32,41.32,0.0,1,True,0,212,https://books.toscrape.com/catalogue/while-you-were-mine_97/index.html
Where Lightning Strikes (Bleeding Stars #3),where lightning strikes bleeding stars 3,Romance,def389ddfda6991b,3,39.77,39.77,39.77,0.0,1,True,0,259,https://books.toscrape.com/catalogue/where-lightning-strikes-bleeding-stars-3_96/index.html
When I'm Gone,when i m gone,Fiction,c5f91eb481427dc5,3,51.96,51.96,51.96,0.0,1,True,0,216,https://books.toscrape.com/catalogue/when-im-gone_95/index.html
Ways of Seeing,ways of seeing,Art,66a4e422b212726a,5,39.51,39.51,39.51,0.0,1,True,0,276,https://books.toscrape.com/catalogue/ways-of-seeing_94/index.html
"Vampire Knight, Vol. 1 (Vampire Knight #1)",vampire knight vol 1 vampire knight 1,Paranormal,e7e87087b1a44711,1,15.4,15.4,15.4,0.0,1,True,0,180,https://books.toscrape.com/catalogue/vampire-knight-vol-1-vampire-knight-1_93/index.html
Vampire Girl (Vampire Girl #1),vampire girl vampire girl 1,Fantasy,dab5e75d1339706a,2,53.82,53.82,53.82,0.0,1,True,0,264,https://books.toscrape.com/catalogue/vampire-girl-vampire-girl-1_92/index.html
Twenty Love Poems and a Song of Despair,twenty love poems and a song of despair,Poetry,e63c3f25338baf9a,4,30.95,30.95,30.95,0.0,1,True,0,146,https://books.toscrape.com/catalogue/twenty-love-poems-and-a-song-of-despair_91/index.html
Travels with Charley: In Search of America,travels with charley in search of america,Nonfiction,0268f149d014b389,5,57.82,57.82,57.82,0.0,1,True,0,314,https://books.toscrape.com/catalogue/travels-with-charley-in-search-of-america_90/index.html
Three Wishes (River of Time: California #1),three wishes river of time california 1,Science Fiction,460f97a346b44bac,2,44.18,44.18,44.18,0.0,1,True,0,218,https://books.toscrape.com/catalogue/three-wishes-river-of-time-california-1_89/index.html
This One Moment (Pushing Limits #1),this one moment pushing limits 1,Romance,d6d98d3508c30f57,1,48.71,48.71,48.71,0.0,1,True,0,286,https://books.toscrape.com/catalogue/this-one-moment-pushing-limits-1_88/index.html
The Zombie Room,the zombie room,Default,9c96cd1329fbd82d,5,19.69,19.69,19.69,0.0,1,True,0,257,https://books.toscrape.com/catalogue/the-zombie-room_87/index.html
"The Wicked + The Divine, Vol. 1: The Faust Act (The Wicked + The Divine)",the wicked the divine vol 1 the faust act the wicked the divine,Sequential Art,dac9d1e654fac737,2,36.52,36.52,36.52,0.0,1,True,0,132,https://books.toscrape.com/catalogue/the-wicked-the-divine-vol-1-the-faust-act-the-wicked-the-divine_86/index.html
The Tumor,the tumor,Nonfiction,6514add13c82b115,5,41.56,41.56,41.56,0.0,1,True,0,291,https://books.toscrape.com/catalogue/the-tumor_85/index.html
The Story of Hong Gildong,the story of hong gildong,Classics,32d035df92ab9080,4,43.19,43.19,43.19,0.0,1,True,0,217,https://books.toscrape.com/catalogue/the-story-of-hong-gildong_84/index.html
The Silent Wife,the silent wife,Fiction,b78deb463531d078,5,12.34,12.34,12.34,0.0,1,True,0,224,https://books.toscrape.com/catalogue/the-silent-wife_83/index.html
The Silent Twin (Detective Jennifer Knight #3),the silent twin detective jennifer knight 3,Fantasy,9e9932ae1a7d0943,3,36.25,36.25,36.25,0.0,1,True,0,385,https://books.toscrape.com/catalogue/the-silent-twin-detective-jennifer-knight-3_82/index.html
The Selfish Gene,the selfish gene,Science,6f2c0a9adbb2bca9,1,29.45,29.45,29.45,0.0,1,True,0,295,https://books.toscrape.com/catalogue/the-selfish-gene_81/index.html
The Secret Healer,the secret healer,Historical Fiction,38f776ab9118aed7,3,34.56,34.56,34.56,0.0,1,True,0,222,https://books.toscrape.com/catalogue/the-secret-healer_80/index.html
"The Sandman, Vol. 1: Preludes and Nocturnes (The Sandman (volumes) #1)",the sandman vol 1 preludes and nocturnes the sandman volumes 1,Sequential Art,5faefdc861684eb1,3,54.12,54.12,54.12,0.0,1,True,0,387,https://books.toscrape.com/catalogue/the-sandman-vol-1-preludes-and-nocturnes-the-sandman-volumes-1_79/index.html
The Republic,the republic,Add a comment,0ec9d2b018fb10d8,3,33.78,33.78,33.78,0.0,1,True,0,156,https://books.toscrape.com/catalogue/the-republic_78/index.html
The Odyssey,the odyssey,Add a comment,f0512adadffd2480,3,29.64,29.64,29.64,0.0,1,True,0,341,https://books.toscrape.com/catalogue/the-odyssey_77/index.html
The No. 1 Ladies' Detective Agency (No. 1 Ladies' Detective Agency #1),the no 1 ladies detective agency no 1 ladies detective agency 1,Mystery,b0913e67d38d5ed5,4,57.7,57.7,57.7,0.0,1,True,0,35,https://books.toscrape.com/catalogue/the-no-1-ladies-detective-agency-no-1-ladies-detective-agency-1_76/index.html
The Nicomachean Ethics,the nicomachean ethics,Philosophy,5c10b64db3e4f228,1,36.34,36.34,36.34,0.0,1,True,0,229,https://books.toscrape.com/catalogue/the-nicomachean-ethics_75/index.html
The Name of the Wind (The Kingkiller Chronicle #1),the name of the wind the kingkiller chronicle 1,Default,c8614adb1a90b027,3,50.59,50.59,50.59,0.0,1,True,0,182,https://books.toscrape.com/catalogue/the-name-of-the-wind-the-kingkiller-chronicle-1_74/index.html
The Mirror & the Maze (The Wrath and the Dawn #1.5),the mirror the maze the wrath and the dawn 1 5,Fantasy,c40b70e0f6d80189,1,29.38,29.38,29.38,0.0,1,True,0,154,https://books.toscrape.com/catalogue/the-mirror-the-maze-the-wrath-and-the-dawn-15_73/index.html
The Little Prince,the little prince,Classics,1aeca7d078d57deb,2,45.42,45.42,45.42,0.0,1,True,0,130,https://books.toscrape.com/catalogue/the-little-prince_72/index.html
The Light of the Fireflies,the light of the fireflies,Add a comment,04e43893e32f9d29,1,54.43,54.43,54.43,0.0,1,True,0,237,https://books.toscrape.com/catalogue/the-light-of-the-fireflies_71/index.html
The Last Girl (The Dominion Trilogy #1),the last girl the dominion trilogy 1,Science Fiction,16c71736dae78764,2,36.26,36.26,36.26,0.0,1,True,0,255,https://books.toscrape.com/catalogue/the-last-girl-the-dominion-trilogy-1_70/index.html
The Iliad,the iliad,Add a comment,86d8bd7afa5b51b3,1,16.16,16.16,16.16,0.0,1,True,0,70,https://books.toscrape.com/catalogue/the-iliad_69/index.html
The Hook Up (Game On #1),the hook up game on 1,New Adult,6e473eff459e809f,5,36.29,36.29,36.29,0.0,1,True,0,293,https://books.toscrape.com/catalogue/the-hook-up-game-on-1_68/index.html
The Haters,the haters,Young Adult,fff8a057a40c4a60,5,27.89,27.89,27.89,0.0,1,True,0,309,https://books.toscrape.com/catalogue/the-haters_67/index.html
The Girl You Lost,the girl you lost,Mystery,4280ac3eab57aa5d,5,12.29,12.29,12.29,0.0,1,True,0,561,https://books.toscrape.com/catalogue/the-girl-you-lost_66/index.html
The Girl In The Ice (DCI Erika Foster #1),the girl in the ice dci erika foster 1,Mystery,ee61197edb882599,3,15.85,15.85,15.85,0.0,1,True,0,311,https://books.toscrape.com/catalogue/the-girl-in-the-ice-dci-erika-foster-1_65/index.html
The End of the Jesus Era (An Investigation #1),the end of the jesus era an investigation 1,Nonfiction,09659d1639a1f978,1,14.4,14.4,14.4,0.0,1,True,0,132,https://books.toscrape.com/catalogue/the-end-of-the-jesus-era-an-investigation-1_64/index.html
The Edge of Reason (Bridget Jones #2),the edge of reason bridget jones 2,Womens Fiction,29fc016c459aeb14,4,19.18,19.18,19.18,0.0,1,True,0,218,https://books.toscrape.com/catalogue/the-edge-of-reason-bridget-jones-2_63/index.html
The Complete Maus (Maus #1-2),the complete maus maus 1 2,Sequential Art,3301af038a720587,3,10.64,10.64,10.64,0.0,1,True,0,152,https://books.toscrape.com/catalogue/the-complete-maus-maus-1-2_62/index.html
The Communist Manifesto,the communist manifesto,Add a comment,18b4545a5ed15581,3,14.76,14.76,14.76,0.0,1,True,0,360,https://books.toscrape.com/catalogue/the-communist-manifesto_61/index.html
The Bhagavad Gita,the bhagavad gita,Religion,f3a0b8c835129558,3,57.49,57.49,57.49,0.0,1,True,0,161,https://books.toscrape.com/catalogue/the-bhagavad-gita_60/index.html
The Bette Davis Club,the bette davis club,Fiction,dfb0849016bc122c,3,30.66,30.66,30.66,0.0,1,True,0,236,https://books.toscrape.com/catalogue/the-bette-davis-club_59/index.html
The Art of Not Breathing,the art of not breathing,Young Adult,5bc1fbccfbf2355c,4,40.83,40.83,40.83,0.0,1,True,0,139,https://books.toscrape.com/catalogue/the-art-of-not-breathing_58/index.html
Taking Shots (Assassins #1),taking shots assassins 1,Default,a7eef9d6795422c1,2,18.88,18.88,18.88,0.0,1,True,0,254,https://books.toscrape.com/catalogue/taking-shots-assassins-1_57/index.html
Starlark,starlark,Historical Fiction,e25164e5b3fe208b,3,25.83,25.83,25.83,0.0,1,True,0,271,https://books.toscrape.com/catalogue/starlark_56/index.html
"Skip Beat!, Vol. 01 (Skip Beat! #1)",skip beat vol 01 skip beat 1,Sequential Art,2ac720f76384c57e,3,42.12,42.12,42.12,0.0,1,True,0,64,https://books.toscrape.com/catalogue/skip-beat-vol-01-skip-beat-1_55/index.html
Sister Sable (The Mad Queen #1),sister sable the mad queen 1,Fantasy,3a9a7c5895e82646,3,13.33,13.33,13.33,0.0,1,True,0,201,https://books.toscrape.com/catalogue/sister-sable-the-mad-queen-1_54/index.html
Shatter Me (Shatter Me #1),shatter me shatter me 1,Default,9ed7090d8fa690b0,1,42.4,42.4,42.4,0.0,1,True,0,244,https://books.toscrape.com/catalogue/shatter-me-shatter-me-1_53/index.html
Shameless,shameless,New Adult,c068c013d6921fea,3,58.35,58.35,58.35,0.0,1,True,0,266,https://books.toscrape.com/catalogue/shameless_52/index.html
Shadow Rites (Jane Yellowrock #10),shadow rites jane yellowrock 10,Fantasy,229cd6564bf0dce4,4,21.72,21.72,21.72,0.0,1,True,0,179,https://books.toscrape.com/catalogue/shadow-rites-jane-yellowrock-10_51/index.html
Settling the Score (The Summer Games #1),settling the score the summer games 1,Sports and Games,132adf7335bb384a,2,44.91,44.91,44.91,0.0,1,True,0,292,https://books.toscrape.com/catalogue/settling-the-score-the-summer-games-1_50/index.html
Sense and Sensibility,sense and sensibility,Classics,35e44170702139a4,1,37.46,37.46,37.46,0.0,1,True,0,212,https://books.toscrape.com/catalogue/sense-and-sensibility_49/index.html
"Saga, Volume 1 (Saga (Collected Editions) #1)",saga volume 1 saga collected editions 1,Sequential Art,4f64568dfefa3ce7,1,28.48,28.48,28.48,0.0,1,True,0,137,https://books.toscrape.com/catalogue/saga-volume-1-saga-collected-editions-1_48/index.html
"Rhythm, Chord & Malykhin",rhythm chord malykhin,Romance,9efb397067eb7e8a,2,28.34,28.34,28.34,0.0,1,True,0,235,https://books.toscrape.com/catalogue/rhythm-chord-malykhin_47/index.html
"Rat Queens, Vol. 1: Sass & Sorcery (Rat Queens (Collected Editions) #1-5)",rat queens vol 1 sass sorcery rat queens collected editions 1 5,Sequential Art,3cdca3b4a93980f5,5,46.96,46.96,46.96,0.0,1,True,0,145,https://books.toscrape.com/catalogue/rat-queens-vol-1-sass-sorcery-rat-queens-collected-editions-1-5_46/index.html
Paradise Lost (Paradise #1),paradise lost paradise 1,Default,849db7ab7f4a640c,1,24.96,24.96,24.96,0.0,1,True,0,211,https://books.toscrape.com/catalogue/paradise-lost-paradise-1_45/index.html
"Paper Girls, Vol. 1 (Paper Girls #1-5)",paper girls vol 1 paper girls 1 5,Sequential Art,bcbcbcf0f6ed196f,4,21.71,21.71,21.71,0.0,1,True,0,44,https://books.toscrape.com/catalogue/paper-girls-vol-1-paper-girls-1-5_44/index.html
"Ouran High School Host Club, Vol. 1 (Ouran High School Host Club #1)",ouran high school host club vol 1 ouran high school host club 1,Sequential Art,326825e02a198cf6,3,29.87,29.87,29.87,0.0,1,True,0,65,https://books.toscrape.com/catalogue/ouran-high-school-host-club-vol-1-ouran-high-school-host-club-1_43/index.html
Origins (Alphas 0.5),origins alphas 0 5,Fantasy,8932e5c12f12ffed,1,28.99,28.99,28.99,0.0,1,True,0,218,https://books.toscrape.com/catalogue/origins-alphas-05_42/index.html
One Second (Seven #7),one second seven 7,Fantasy,7ea31f38675b91c1,2,52.94,52.94,52.94,0.0,1,True,0,346,https://books.toscrape.com/catalogue/one-second-seven-7_41/index.html
On the Road (Duluoz Legend),on the road duluoz legend,Default,9ff997ab15713e53,3,32.36,32.36,32.36,0.0,1,True,0,154,https://books.toscrape.com/catalogue/on-the-road-duluoz-legend_40/index.html
Old Records Never Die: One Man's Quest for His Vinyl and His Past,old records never die one man s quest for his vinyl and his past,Music,a1985630339f4b3d,2,55.66,55.66,55.66,0.0,1,True,0,335,https://books.toscrape.com/catalogue/old-records-never-die-one-mans-quest-for-his-vinyl-and-his-past_39/index.html
Off Sides (Off #1),off sides off 1,New Adult,b6f1cfadc4dd79d4,5,39.45,39.45,39.45,0.0,1,True,0,306,https://books.toscrape.com/catalogue/off-sides-off-1_38/index.html
Of Mice and Men,of mice and men,Classics,39592d9d72e717c4,2,47.11,47.11,47.11,0.0,1,True,0,192,https://books.toscrape.com/catalogue/of-mice-and-men_37/index.html
Myriad (Prentor #1),myriad prentor 1,Fantasy,63e20a0f98218a87,4,58.75,58.75,58.75,0.0,1,True,0,212,https://books.toscrape.com/catalogue/myriad-prentor-1_36/index.html
My Perfect Mistake (Over the Top #1),my perfect mistake over the top 1,Romance,fd78f89878479f56,2,38.92,38.92,38.92,0.0,1,True,0,200,https://books.toscrape.com/catalogue/my-perfect-mistake-over-the-top-1_35/index.html
"Ms. Marvel, Vol. 1: No Normal (Ms. Marvel (2014-2015) #1)",ms marvel vol 1 no normal ms marvel 2014 2015 1,Sequential Art,35a60467893aa168,4,39.39,39.39,39.39,0.0,1,True,0,199,https://books.toscrape.com/catalogue/ms-marvel-vol-1-no-normal-ms-marvel-2014-2015-1_34/index.html
Meditations,meditations,Philosophy,4f19709e47883df5,2,25.89,25.89,25.89,0.0,1,True,0,188,https://books.toscrape.com/catalogue/meditations_33/index.html
Matilda,matilda,Childrens,1053fb7ee17a1f33,1,28.34,28.34,28.34,0.0,1,True,0,262,https://books.toscrape.com/catalogue/matilda_32/index.html
Lost Among the Living,lost among the living,Historical Fiction,d510567580c8be52,4,27.7,27.7,27.7,0.0,1,True,0,220,https://books.toscrape.com/catalogue/lost-among-the-living_31/index.html
Lord of the Flies,lord of the flies,Add a comment,71a6471bbdac21d9,3,24.89,24.89,24.89,0.0,1,True,0,344,https://books.toscrape.com/catalogue/lord-of-the-flies_30/index.html
Listen to Me (Fusion #1),listen to me fusion 1,Romance,6e712ea24e77bd96,3,58.99,58.99,58.99,0.0,1,True,0,299,https://books.toscrape.com/catalogue/listen-to-me-fusion-1_29/index.html
Kitchens of the Great Midwest,kitchens of the great midwest,Fiction,06f6a57a6d532844,5,57.2,57.2,57.2,0.0,1,True,0,376,https://books.toscrape.com/catalogue/kitchens-of-the-great-midwest_28/index.html
Jane Eyre,jane eyre,Default,8d390a1fc3133d06,5,38.43,38.43,38.43,0.0,1,True,0,166,https://books.toscrape.com/catalogue/jane-eyre_27/index.html
Imperfect Harmony,imperfect harmony,Romance,f28f7299d38c0932,4,34.74,34.74,34.74,0.0,1,True,0,220,https://books.toscrape.com/catalogue/imperfect-harmony_26/index.html
Icing (Aces Hockey #2),icing aces hockey 2,Sports and Games,3455b45888fb5053,4,40.44,40.44,40.44,0.0,1,True,0,261,https://books.toscrape.com/catalogue/icing-aces-hockey-2_25/index.html
"Hawkeye, Vol. 1: My Life as a Weapon (Hawkeye #1)",hawkeye vol 1 my life as a weapon hawkeye 1,Sequential Art,6fe02600f322a0a9,3,45.24,45.24,45.24,0.0,1,True,0,180,https://books.toscrape.com/catalogue/hawkeye-vol-1-my-life-as-a-weapon-hawkeye-1_24/index.html
Having the Barbarian's Baby (Ice Planet Barbarians #7.5),having the barbarian s baby ice planet barbarians 7 5,Science Fiction,6717a70913b3db79,4,34.96,34.96,34.96,0.0,1,True,0,165,https://books.toscrape.com/catalogue/having-the-barbarians-baby-ice-planet-barbarians-75_23/index.html
"Giant Days, Vol. 1 (Giant Days #1-4)",giant days vol 1 giant days 1 4,Sequential Art,eb0fe24bbc845ecc,4,56.76,56.76,56.76,0.0,1,True,0,123,https://books.toscrape.com/catalogue/giant-days-vol-1-giant-days-1-4_22/index.html
"Fruits Basket, Vol. 1 (Fruits Basket #1)",fruits basket vol 1 fruits basket 1,Sequential Art,72e6fbf4f6382557,5,40.28,40.28,40.28,0.0,1,True,0,58,https://books.toscrape.com/catalogue/fruits-basket-vol-1-fruits-basket-1_21/index.html
Frankenstein,frankenstein,Default,a492f49a3e2b6a71,2,38.0,38.0,38.0,0.0,1,True,0,237,https://books.toscrape.com/catalogue/frankenstein_20/index.html
Forever Rockers (The Rocker #12),forever rockers the rocker 12,Music,e564c3f1a93ccf2e,3,28.8,28.8,28.8,0.0,1,True,0,198,https://books.toscrape.com/catalogue/forever-rockers-the-rocker-12_19/index.html
Fighting Fate (Fighting #6),fighting fate fighting 6,Romance,6390772a3094939d,3,39.24,39.24,39.24,0.0,1,True,0,329,https://books.toscrape.com/catalogue/fighting-fate-fighting-6_18/index.html
Emma,emma,Classics,2e69730561ed70ad,2,32.93,32.93,32.93,0.0,1,True,0,201,https://books.toscrape.com/catalogue/emma_17/index.html
"Eat, Pray, Love",eat pray love,Nonfiction,df56868afd166557,3,51.32,51.32,51.32,0.0,1,True,0,169,https://books.toscrape.com/catalogue/eat-pray-love_16/index.html
Deep Under (Walker Security #1),deep under walker security 1,Romance,0072b94dfa30608e,5,47.09,47.09,47.09,0.0,1,True,0,192,https://books.toscrape.com/catalogue/deep-under-walker-security-1_15/index.html
Choosing Our Religion: The Spiritual Lives of America's Nones,choosing our religion the spiritual lives of america s nones,Religion,a812f6969ddf3e39,4,28.42,28.42,28.42,0.0,1,True,0,318,https://books.toscrape.com/catalogue/choosing-our-religion-the-spiritual-lives-of-americas-nones_14/index.html
Charlie and the Chocolate Factory (Charlie Bucket #1),charlie and the chocolate factory charlie bucket 1,Childrens,1774749f2cee292f,3,22.85,22.85,22.85,0.0,1,True,0,31,https://books.toscrape.com/catalogue/charlie-and-the-chocolate-factory-charlie-bucket-1_13/index.html
Charity's Cross (Charles Towne Belles #4),charity s cross charles towne belles 4,Romance,a96404cb928895f3,1,41.24,41.24,41.24,0.0,1,True,0,330,https://books.toscrape.com/catalogue/charitys-cross-charles-towne-belles-4_12/index.html
Bright Lines,bright lines,Fiction,230ac636ea0ea415,5,39.07,39.07,39.07,0.0,1,True,0,237,https://books.toscrape.com/catalogue/bright-lines_11/index.html
Bridget Jones's Diary (Bridget Jones #1),bridget jones s diary bridget jones 1,Womens Fiction,a2b4b685dfa94733,1,29.82,29.82,29.82,0.0,1,True,0,247,https://books.toscrape.com/catalogue/bridget-joness-diary-bridget-jones-1_10/index.html
Bounty (Colorado Mountain #7),bounty colorado mountain 7,Romance,abc0b15f2c907ff0,4,37.26,37.26,37.26,0.0,1,True,0,321,https://books.toscrape.com/catalogue/bounty-colorado-mountain-7_9/index.html
Blood Defense (Samantha Brinkman #1),blood defense samantha brinkman 1,Mystery,95cdfd514098c38b,3,20.3,20.3,20.3,0.0,1,True,0,246,https://books.toscrape.com/catalogue/blood-defense-samantha-brinkman-1_8/index.html
"Bleach, Vol. 1: Strawberry and the Soul Reapers (Bleach #1)",bleach vol 1 strawberry and the soul reapers bleach 1,Sequential Art,099fae4a0705d63b,5,34.65,34.65,34.65,0.0,1,True,0,153,https://books.toscrape.com/catalogue/bleach-vol-1-strawberry-and-the-soul-reapers-bleach-1_7/index.html
Beyond Good and Evil,beyond good and evil,Philosophy,08672cd59171d5e4,1,43.38,43.38,43.38,0.0,1,True,0,281,https://books.toscrape.com/catalogue/beyond-good-and-evil_6/index.html
Alice in Wonderland (Alice's Adventures in Wonderland #1),alice in wonderland alice s adventures in wonderland 1,Classics,cd2a2a70dd5d176d,1,55.53,55.53,55.53,0.0,1,True,0,0,https://books.toscrape.com/catalogue/alice-in-wonderland-alices-adventures-in-wonderland-1_5/index.html
"Ajin: Demi-Human, Volume 1 (Ajin: Demi-Human #1)",ajin demi human volume 1 ajin demi human 1,Sequential Art,bfd5e1701c862ac3,4,57.06,57.06,57.06,0.0,1,True,0,165,https://books.toscrape.com/catalogue/ajin-demi-human-volume-1-ajin-demi-human-1_4/index.html
A Spy's Devotion (The Regency Spies of London #1),a spy s devotion the regency spies of london 1,Historical Fiction,19fec36a1dfb4c16,5,16.97,16.97,16.97,0.0,1,True,0,214,https://books.toscrape.com/catalogue/a-spys-devotion-the-regency-spies-of-london-1_3/index.html
1st to Die (Women's Murder Club #1),1st to die women s murder club 1,Mystery,f684a82adc49f011,1,53.98,53.98,53.98,0.0,1,True,0,507,https://books.toscrape.com/catalogue/1st-to-die-womens-murder-club-1_2/index.html
"1,000 Places to See Before You Die",1 000 places to see before you die,Travel,228ba5e7577e1d49,5,26.08,26.08,26.08,0.0,1,True,0,270,https://books.toscrape.com/catalogue/1000-places-to-see-before-you-die_1/index.html
